Matematica,Portugues,Ingles,IDA,Cg,Cf,Ct,defasado_bin
2.7,3.5,6.0,4.0,753.0,18.0,10.0,1
6.3,4.5,9.7,6.8,469.0,8.0,3.0,0
5.8,4.0,6.9,5.6,629.0,13.0,6.0,0
2.8,3.5,8.7,5.0,731.0,15.0,7.0,0
7.0,2.9,5.7,5.2,344.0,6.0,2.0,0
2.3,5.3,2.3,3.3,745.0,16.0,8.0,1
8.2,5.7,9.0,7.6,550.0,11.0,5.0,1
1.2,0.7,2.9,1.6,836.0,21.0,13.0,1
5.5,6.0,8.7,6.7,113.0,1.0,1.0,1
3.3,2.6,6.4,4.1,752.0,17.0,9.0,1
1.8,2.5,4.5,3.0,799.0,19.0,11.0,1
2.7,1.1,0.7,1.5,834.0,20.0,12.0,0
3.5,5.5,5.2,4.7,524.0,10.0,4.0,1
8.0,0.0,,4.0,558.0,12.0,7.0,1
8.0,6.5,,7.3,207.0,3.0,2.0,1
7.0,0.0,,3.5,706.0,14.0,8.0,1
9.0,6.5,,7.8,125.0,2.0,1.0,1
9.0,9.0,,9.0,418.0,7.0,5.0,1
7.0,9.0,,8.0,248.0,4.0,3.0,1
9.0,6.5,,7.8,296.0,5.0,4.0,1
7.0,0.5,,3.8,508.0,9.0,6.0,1
9.0,3.1,7.8,6.7,327.0,10.0,10.0,1
7.2,4.7,8.2,6.7,243.0,8.0,8.0,1
10.0,6.3,9.7,8.6,119.0,5.0,5.0,1
9.2,3.8,7.7,6.9,147.0,6.0,6.0,1
9.5,4.4,10.0,8.0,17.0,3.0,3.0,1
7.7,6.3,10.0,8.0,449.0,12.0,12.0,1
8.2,1.5,5.3,5.0,698.0,14.0,14.0,1
6.3,1.1,3.8,3.7,821.0,16.0,16.0,1
8.5,4.4,9.7,7.5,270.0,9.0,9.0,0
9.0,5.7,9.3,8.0,9.0,2.0,2.0,1
5.7,3.6,8.9,6.1,370.0,11.0,11.0,0
9.0,1.6,3.7,4.8,824.0,17.0,17.0,1
4.7,4.0,2.8,3.8,692.0,13.0,13.0,1
9.0,7.1,9.3,8.5,5.0,1.0,1.0,1
8.5,4.3,7.8,6.8,177.0,7.0,7.0,1
2.3,5.3,10.0,5.9,825.0,18.0,18.0,1
9.0,7.0,9.7,8.6,31.0,4.0,4.0,1
7.7,5.1,7.8,6.9,722.0,15.0,15.0,0
4.7,7.3,8.4,6.8,429.0,27.0,3.0,1
6.3,2.5,8.0,5.6,777.0,51.0,9.0,1
3.7,4.5,6.2,4.8,582.0,33.0,5.0,0
4.0,5.8,3.2,4.3,791.0,54.0,11.0,1
2.3,3.5,3.2,3.0,785.0,52.0,10.0,1
6.3,5.2,8.8,6.8,277.0,17.0,2.0,0
2.8,2.8,0.7,2.1,719.0,46.0,7.0,1
2.5,2.2,1.5,2.1,762.0,49.0,8.0,1
6.7,8.0,9.5,8.1,140.0,10.0,1.0,0
1.5,4.2,6.2,3.9,687.0,42.0,6.0,1
6.5,7.3,9.7,7.8,445.0,28.0,4.0,1
4.5,4.5,6.0,5.0,645.0,39.0,13.0,1
3.3,6.3,8.8,6.2,183.0,12.0,5.0,0
6.0,8.0,,7.0,579.0,32.0,11.0,1
3.0,6.5,,4.8,716.0,45.0,14.0,1
6.7,7.8,7.9,7.5,634.0,38.0,12.0,1
4.5,6.5,10.0,7.0,46.0,7.0,1.0,0
9.0,7.0,9.3,8.4,388.0,25.0,10.0,1
4.5,8.0,9.0,7.2,103.0,9.0,3.0,0
7.0,5.7,8.8,7.2,257.0,15.0,7.0,1
5.0,6.2,3.5,4.9,787.0,53.0,16.0,1
1.7,6.3,9.3,5.8,298.0,20.0,8.0,0
8.5,10.0,,9.3,173.0,11.0,4.0,1
8.2,8.2,9.7,8.7,64.0,8.0,2.0,1
4.8,8.2,9.4,7.5,372.0,23.0,9.0,1
9.0,9.5,9.5,9.3,232.0,13.0,6.0,1
3.0,6.0,,4.5,768.0,50.0,15.0,1
3.0,4.2,3.5,3.6,812.0,56.0,6.0,1
4.7,4.8,2.7,4.0,653.0,40.0,2.0,1
4.7,2.6,0.3,2.5,756.0,47.0,3.0,1
5.7,2.9,0.2,2.9,757.0,48.0,4.0,1
1.3,2.2,0.0,1.2,846.0,58.0,8.0,1
7.5,7.8,8.0,7.8,259.0,16.0,1.0,1
4.5,3.0,2.3,3.3,804.0,55.0,5.0,1
6.0,0.0,0.0,2.0,820.0,57.0,7.0,1
0.0,0.0,,0.0,855.0,59.0,4.0,1
9.3,8.3,8.4,8.7,3.0,3.0,1.0,0
0.3,1.8,0.0,0.7,857.0,60.0,5.0,1
8.7,5.7,7.3,7.2,475.0,29.0,2.0,1
9.5,7.7,9.5,8.9,541.0,31.0,3.0,1
6.5,7.7,7.3,7.1,397.0,26.0,6.0,1
5.5,5.2,7.3,6.0,247.0,14.0,2.0,0
6.0,5.0,,5.5,628.0,37.0,9.0,1
6.0,7.5,,6.8,598.0,35.0,8.0,1
5.7,6.5,5.2,5.8,596.0,34.0,7.0,1
5.0,3.5,,4.3,697.0,43.0,10.0,0
6.2,7.2,6.9,6.7,286.0,18.0,3.0,1
8.3,8.0,10.0,8.8,15.0,6.0,1.0,0
6.8,6.2,6.4,6.5,312.0,21.0,4.0,1
7.5,5.7,4.7,5.9,383.0,24.0,5.0,1
7.7,8.0,9.8,8.5,1.0,1.0,1.0,0
5.5,5.7,8.5,6.6,608.0,36.0,8.0,1
7.8,5.5,8.8,7.4,501.0,30.0,7.0,1
8.8,8.3,8.4,8.5,6.0,4.0,3.0,0
7.0,6.7,9.5,7.7,7.0,5.0,4.0,0
6.0,8.0,0.5,4.8,685.0,41.0,9.0,1
5.7,6.5,8.0,6.7,295.0,19.0,5.0,1
5.3,6.7,8.8,6.9,328.0,22.0,6.0,0
8.4,8.2,8.9,8.5,2.0,2.0,2.0,0
5.7,3.4,5.8,5.0,701.0,44.0,10.0,1
7.0,7.8,8.1,7.6,268.0,22.0,7.0,0
7.2,6.5,9.2,7.6,387.0,31.0,8.0,1
4.7,6.8,5.5,5.7,519.0,43.0,9.0,0
7.3,7.3,7.3,7.3,114.0,11.0,4.0,0
4.8,5.8,0.3,3.7,681.0,61.0,11.0,1
7.2,6.2,6.8,6.7,542.0,47.0,10.0,1
7.8,7.2,7.2,7.4,148.0,13.0,5.0,1
3.3,4.3,6.0,4.6,693.0,63.0,12.0,1
3.0,5.8,6.2,5.0,784.0,72.0,15.0,1
7.8,7.5,9.9,8.4,33.0,4.0,2.0,1
8.3,5.7,6.0,6.7,100.0,10.0,3.0,0
6.7,7.5,9.7,8.0,22.0,2.0,1.0,0
9.0,7.5,9.1,8.5,189.0,17.0,6.0,1
3.3,5.5,2.3,3.7,862.0,76.0,16.0,1
6.0,4.5,,5.3,738.0,66.0,13.0,1
3.0,5.7,2.7,3.8,740.0,67.0,14.0,1
5.0,7.2,5.5,5.9,538.0,46.0,8.0,1
4.7,6.7,7.0,6.1,593.0,55.0,10.0,1
3.7,4.7,3.5,3.9,775.0,70.0,12.0,0
5.7,7.0,3.4,5.4,311.0,26.0,3.0,0
3.7,5.2,9.7,6.2,547.0,48.0,9.0,1
5.7,6.8,9.0,7.2,413.0,33.0,5.0,1
1.7,3.7,0.0,1.8,818.0,74.0,14.0,0
7.3,6.3,5.9,6.5,461.0,37.0,6.0,1
5.7,7.0,7.5,6.7,365.0,29.0,4.0,0
5.0,7.2,9.2,7.1,266.0,21.0,2.0,1
4.0,5.0,4.2,4.4,689.0,62.0,11.0,1
7.7,7.7,8.3,7.9,63.0,7.0,1.0,0
6.7,6.8,3.2,5.6,778.0,71.0,13.0,1
6.0,5.3,8.7,6.7,516.0,42.0,7.0,1
3.7,5.2,3.5,4.1,772.0,69.0,14.0,1
6.0,6.5,4.2,5.6,440.0,35.0,7.0,1
6.5,7.5,9.1,7.7,53.0,5.0,2.0,0
4.7,7.2,5.0,5.6,530.0,45.0,10.0,1
4.7,6.8,2.5,4.7,623.0,56.0,12.0,1
8.0,8.2,9.5,8.6,237.0,20.0,4.0,1
5.3,5.7,2.8,4.6,646.0,59.0,13.0,1
6.0,7.3,8.5,7.3,468.0,38.0,9.0,1
5.0,6.5,5.2,5.6,573.0,53.0,11.0,1
1.7,2.7,0.0,1.4,858.0,75.0,15.0,1
5.0,6.5,5.6,5.7,358.0,28.0,6.0,0
5.8,6.2,5.0,5.7,450.0,36.0,8.0,0
6.0,6.8,6.0,6.3,332.0,27.0,5.0,0
9.7,7.7,6.4,7.9,24.0,3.0,1.0,0
7.5,7.2,9.0,7.9,89.0,9.0,3.0,0
3.0,4.8,7.8,5.2,746.0,68.0,7.0,1
6.3,7.3,10.0,7.9,156.0,15.0,1.0,1
5.8,4.8,7.7,6.1,293.0,24.0,4.0,0
4.7,6.3,5.0,5.3,172.0,16.0,2.0,0
4.0,6.0,,5.0,679.0,60.0,6.0,1
5.3,6.7,8.6,6.9,498.0,41.0,5.0,1
7.3,8.0,9.5,8.3,289.0,23.0,3.0,1
4.0,7.0,8.5,6.5,586.0,54.0,13.0,1
3.3,7.7,8.8,6.6,297.0,25.0,5.0,0
3.7,6.2,2.1,4.0,714.0,65.0,15.0,1
4.3,6.8,4.3,5.2,470.0,39.0,9.0,1
4.7,6.5,2.1,4.4,376.0,30.0,6.0,1
7.0,7.5,8.7,7.7,59.0,6.0,1.0,0
5.0,6.7,8.1,6.6,392.0,32.0,7.0,1
4.3,5.8,3.9,4.7,644.0,58.0,14.0,1
2.7,6.0,7.1,5.3,568.0,52.0,12.0,1
5.3,6.8,8.5,6.9,153.0,14.0,4.0,0
4.7,5.5,6.4,5.5,423.0,34.0,8.0,0
6.5,6.3,7.4,6.7,556.0,49.0,10.0,1
4.7,6.5,8.3,6.5,562.0,50.0,11.0,1
5.3,7.8,9.7,7.6,128.0,12.0,3.0,0
7.0,7.2,10.0,8.1,73.0,8.0,2.0,0
9.3,8.0,6.3,7.9,200.0,19.0,3.0,1
4.7,8.2,5.0,5.9,522.0,44.0,5.0,1
1.3,4.5,3.8,3.2,814.0,73.0,9.0,1
3.7,6.7,4.3,4.9,484.0,40.0,4.0,0
3.0,8.0,,5.5,632.0,57.0,7.0,1
6.0,7.7,8.1,7.3,18.0,1.0,1.0,0
9.0,7.5,7.1,7.9,198.0,18.0,2.0,1
4.0,5.3,3.8,4.4,713.0,64.0,8.0,1
4.7,7.2,5.9,5.9,567.0,51.0,6.0,1
5.1,6.8,8.7,6.9,44.0,12.0,4.0,0
6.0,7.5,,6.8,347.0,40.0,9.0,0
6.2,5.3,7.3,6.3,481.0,61.0,13.0,0
3.7,6.7,8.0,6.1,145.0,22.0,5.0,0
7.7,8.3,8.3,8.1,42.0,11.0,3.0,0
6.8,7.3,6.2,6.8,25.0,6.0,2.0,0
1.3,5.7,5.4,4.1,677.0,93.0,15.0,1
0.0,7.5,,3.8,394.0,46.0,11.0,0
5.0,7.3,9.3,7.2,403.0,47.0,12.0,1
3.3,5.7,4.5,4.5,621.0,81.0,14.0,1
6.0,5.7,8.0,6.6,192.0,29.0,7.0,0
5.3,7.2,4.8,5.8,161.0,25.0,6.0,0
3.0,3.2,2.0,2.7,803.0,122.0,16.0,1
6.3,7.2,8.0,7.2,261.0,33.0,8.0,1
5.0,7.5,,6.3,380.0,44.0,10.0,0
8.0,7.2,6.3,7.2,13.0,2.0,1.0,0
1.7,4.7,1.7,2.7,829.0,130.0,14.0,1
5.0,6.3,8.7,6.7,95.0,16.0,2.0,0
3.7,5.8,0.0,3.2,851.0,144.0,15.0,1
6.8,6.3,5.8,6.3,137.0,21.0,4.0,0
4.0,6.0,5.3,5.1,106.0,17.0,3.0,0
6.0,7.5,8.3,7.3,82.0,15.0,1.0,0
5.2,5.8,2.8,4.6,782.0,117.0,11.0,0
5.7,7.8,9.0,7.5,287.0,34.0,5.0,0
4.7,5.0,6.8,5.5,759.0,109.0,9.0,1
6.0,7.2,6.3,6.5,462.0,58.0,7.0,1
6.3,5.8,4.2,5.4,810.0,123.0,13.0,1
2.3,3.5,2.5,2.8,766.0,113.0,10.0,1
5.3,8.5,8.5,7.4,509.0,64.0,8.0,0
5.7,1.7,5.0,4.1,797.0,120.0,12.0,1
4.0,6.0,,5.0,455.0,56.0,6.0,0
5.3,4.0,8.0,5.8,827.0,129.0,5.0,1
5.0,7.5,5.8,6.1,599.0,78.0,4.0,1
5.0,5.2,7.8,6.0,843.0,140.0,7.0,1
2.7,5.3,2.3,3.4,844.0,141.0,8.0,1
6.7,7.5,8.5,7.6,39.0,10.0,1.0,0
4.8,5.8,7.8,6.2,407.0,49.0,2.0,1
5.0,2.0,,3.5,425.0,51.0,3.0,0
5.0,3.5,,4.3,832.0,133.0,6.0,1
5.7,7.7,10.0,7.8,442.0,53.0,3.0,0
5.3,6.5,9.2,7.0,310.0,35.0,1.0,0
6.3,7.2,7.7,7.1,363.0,42.0,2.0,1
5.0,7.0,0.0,4.0,709.0,99.0,6.0,1
4.0,4.8,1.7,3.5,733.0,105.0,7.0,1
6.8,6.8,5.8,6.5,479.0,60.0,4.0,0
7.0,3.5,5.0,5.2,528.0,68.0,5.0,1
5.0,7.5,6.0,6.2,774.0,115.0,8.0,1
4.3,4.7,0.2,3.1,823.0,128.0,12.0,0
5.0,2.7,0.0,2.6,765.0,112.0,11.0,0
3.0,7.0,,5.0,736.0,107.0,10.0,1
7.0,6.5,,6.8,638.0,82.0,4.0,1
4.7,4.3,1.0,3.3,647.0,84.0,5.0,0
3.0,6.0,5.3,4.8,700.0,95.0,7.0,1
7.0,6.7,7.2,6.9,27.0,7.0,1.0,0
3.7,4.3,9.0,5.7,676.0,92.0,6.0,1
3.0,4.5,,3.8,705.0,97.0,8.0,1
0.0,0.0,,0.0,852.0,145.0,13.0,0
3.0,4.5,,3.8,718.0,101.0,9.0,1
3.7,6.3,2.8,4.3,583.0,75.0,3.0,0
7.0,5.5,,6.3,559.0,73.0,2.0,1
4.0,4.0,3.0,3.7,452.0,55.0,9.0,0
6.8,7.7,8.8,7.8,121.0,19.0,6.0,1
4.3,6.5,4.5,5.1,674.0,91.0,12.0,1
2.0,4.7,4.5,3.7,840.0,138.0,13.0,1
6.3,5.0,2.8,4.7,510.0,65.0,11.0,0
8.2,7.5,7.3,7.7,38.0,9.0,5.0,1
8.7,7.2,8.7,8.2,19.0,3.0,1.0,0
5.0,5.3,7.7,6.0,493.0,63.0,10.0,1
6.7,8.0,8.7,7.8,34.0,8.0,4.0,0
8.3,8.2,8.8,8.4,20.0,4.0,2.0,1
8.0,6.7,8.0,7.6,23.0,5.0,3.0,0
5.3,5.7,6.3,5.8,230.0,32.0,7.0,0
4.0,5.5,6.0,5.2,343.0,39.0,8.0,0
2.3,4.2,2.2,2.9,816.0,125.0,10.0,1
6.7,6.5,6.7,6.6,152.0,23.0,1.0,0
5.3,6.3,7.2,6.3,482.0,62.0,4.0,1
1.3,1.2,0.2,0.9,850.0,143.0,14.0,1
1.0,3.7,0.7,1.8,847.0,142.0,13.0,1
5.0,6.8,4.0,5.3,584.0,76.0,7.0,1
1.0,2.3,0.5,1.3,841.0,139.0,12.0,1
5.3,6.7,3.5,5.2,433.0,52.0,3.0,0
4.0,5.2,1.5,3.6,815.0,124.0,9.0,1
2.7,6.2,5.5,4.8,517.0,67.0,5.0,0
0.0,2.7,0.2,0.9,853.0,146.0,15.0,1
5.7,5.2,4.2,5.0,340.0,38.0,2.0,0
6.2,5.8,5.5,5.8,566.0,74.0,6.0,1
1.3,5.5,3.5,3.4,835.0,135.0,11.0,1
3.0,2.8,5.4,3.7,800.0,121.0,8.0,1
6.0,5.5,,5.8,460.0,57.0,2.0,1
5.3,7.0,8.5,6.9,162.0,26.0,1.0,0
5.0,6.7,6.3,6.0,730.0,104.0,4.0,1
2.3,4.8,2.7,3.3,727.0,103.0,3.0,1
7.0,6.8,3.2,5.7,590.0,77.0,11.0,1
8.7,9.5,8.5,8.9,76.0,13.0,2.0,0
8.0,7.2,8.5,7.9,79.0,14.0,3.0,0
6.3,6.5,8.3,7.1,411.0,50.0,8.0,1
5.0,6.8,3.5,5.1,666.0,88.0,14.0,1
3.8,4.7,0.5,3.0,761.0,110.0,15.0,1
8.1,9.3,7.0,8.1,157.0,24.0,5.0,0
5.0,6.0,2.7,4.6,600.0,79.0,12.0,1
3.7,6.0,3.3,4.3,788.0,118.0,16.0,1
7.2,7.0,8.2,7.4,354.0,41.0,7.0,1
5.7,5.8,6.4,6.0,222.0,31.0,6.0,0
9.7,8.3,9.3,9.1,10.0,1.0,1.0,0
5.7,7.0,8.7,7.1,133.0,20.0,4.0,0
5.0,6.8,6.0,5.9,553.0,71.0,10.0,0
4.7,6.3,1.0,4.0,620.0,80.0,13.0,0
4.5,5.8,6.6,5.6,448.0,54.0,9.0,1
7.0,4.5,0.0,3.8,734.0,106.0,3.0,0
4.0,3.2,1.2,2.8,817.0,126.0,5.0,1
4.7,2.3,2.0,3.0,794.0,119.0,4.0,1
0.7,2.5,0.2,1.1,859.0,148.0,11.0,1
,,,0.0,854.0,147.0,10.0,1
5.3,7.5,7.5,6.8,699.0,94.0,2.0,1
1.0,2.3,1.8,1.7,830.0,131.0,7.0,1
8.0,7.5,8.5,8.0,107.0,18.0,1.0,0
0.0,5.0,0.5,1.8,833.0,134.0,9.0,1
2.0,3.8,1.0,2.3,831.0,132.0,8.0,0
,,,0.0,819.0,127.0,6.0,1
5.3,7.7,7.7,6.9,386.0,45.0,2.0,1
5.7,2.7,0.2,2.8,839.0,137.0,16.0,1
6.3,5.3,8.2,6.6,324.0,36.0,1.0,0
5.5,4.8,,5.2,659.0,86.0,7.0,0
6.3,7.3,6.7,6.8,404.0,48.0,3.0,0
2.7,4.8,1.7,3.1,781.0,116.0,14.0,1
6.5,7.2,5.4,6.3,554.0,72.0,5.0,0
4.3,5.0,5.0,4.8,673.0,90.0,10.0,1
3.8,4.0,,3.9,723.0,102.0,13.0,1
3.0,5.5,,4.3,667.0,89.0,9.0,1
2.8,6.7,,4.8,717.0,100.0,12.0,1
4.7,5.8,5.0,5.2,656.0,85.0,6.0,1
5.0,0.0,,2.5,838.0,136.0,15.0,1
6.7,5.5,2.8,5.0,514.0,66.0,4.0,0
7.0,6.0,,6.5,702.0,96.0,11.0,1
3.7,3.8,6.0,4.5,662.0,87.0,8.0,1
5.0,6.2,4.3,5.2,771.0,114.0,13.0,1
6.0,4.5,5.0,5.2,378.0,43.0,5.0,0
4.7,5.0,2.5,4.1,750.0,108.0,11.0,1
4.3,3.3,8.3,5.3,708.0,98.0,10.0,0
3.0,4.2,1.8,3.0,764.0,111.0,12.0,0
7.0,6.5,4.7,6.1,174.0,28.0,2.0,1
4.7,5.7,10.0,6.8,474.0,59.0,6.0,0
4.3,5.8,7.3,5.8,640.0,83.0,9.0,1
6.3,4.3,5.0,5.2,336.0,37.0,4.0,0
7.3,6.3,5.7,6.4,170.0,27.0,1.0,1
5.7,6.2,3.7,5.2,202.0,30.0,3.0,0
4.3,5.7,4.0,4.7,536.0,70.0,8.0,0
7.3,2.5,0.5,3.4,535.0,69.0,7.0,0
6.3,7.2,,6.8,66.0,6.0,1.0,0
6.0,6.0,,6.0,265.0,42.0,6.0,0
8.7,9.3,,9.0,80.0,9.0,2.0,1
2.3,3.2,,2.8,491.0,72.0,7.0,0
4.0,6.5,,5.3,548.0,86.0,8.0,1
3.0,7.0,,5.0,683.0,126.0,12.0,0
2.3,2.7,,2.5,651.0,116.0,11.0,1
2.3,5.0,,3.7,613.0,105.0,10.0,1
7.5,7.5,,7.5,176.0,27.0,5.0,1
0.2,5.7,,2.9,807.0,153.0,13.0,1
7.0,9.0,,8.0,151.0,20.0,3.0,0
5.8,9.0,,7.4,168.0,25.0,4.0,0
4.5,5.7,,5.1,560.0,87.0,9.0,1
7.5,4.0,,5.8,163.0,22.0,3.0,0
5.3,6.2,,5.8,544.0,84.0,10.0,1
7.1,9.2,,8.1,36.0,3.0,1.0,0
6.0,7.0,,6.5,229.0,36.0,5.0,0
5.0,6.5,,5.8,537.0,83.0,9.0,1
5.5,7.7,,6.6,511.0,77.0,7.0,1
4.2,7.7,,5.9,525.0,80.0,8.0,1
2.3,6.7,,4.5,409.0,60.0,6.0,0
1.3,5.8,,3.6,754.0,139.0,12.0,1
6.0,8.0,,7.0,102.0,14.0,2.0,0
8.5,8.5,,8.5,167.0,24.0,4.0,1
0.5,3.0,,1.8,741.0,135.0,11.0,1
2.2,5.2,,3.7,770.0,143.0,13.0,1
7.0,6.0,,6.5,84.0,10.0,2.0,0
3.2,4.8,,4.0,618.0,107.0,7.0,1
7.3,6.7,,7.0,191.0,31.0,4.0,0
8.0,7.0,,7.5,69.0,7.0,1.0,0
2.8,6.2,,4.5,742.0,136.0,9.0,1
5.5,3.5,,4.5,796.0,151.0,11.0,1
5.3,3.8,,4.6,591.0,97.0,6.0,1
10.0,7.0,,8.5,190.0,30.0,3.0,1
0.0,0.0,,0.0,795.0,150.0,10.0,1
3.3,5.8,,4.6,625.0,108.0,8.0,1
4.7,5.7,,5.2,463.0,70.0,5.0,1
4.0,6.0,,5.0,576.0,93.0,16.0,1
6.5,9.3,,7.9,350.0,51.0,7.0,1
1.0,3.0,,2.0,610.0,104.0,17.0,1
9.5,8.0,,8.8,12.0,1.0,1.0,0
6.0,9.5,,7.8,129.0,17.0,3.0,0
6.0,5.0,,5.5,437.0,67.0,9.0,1
5.2,8.2,,6.7,506.0,76.0,14.0,1
5.5,9.0,,7.3,497.0,74.0,12.0,1
4.0,5.5,,4.8,496.0,73.0,11.0,0
5.2,9.2,,7.2,465.0,71.0,10.0,1
7.8,9.0,,8.4,111.0,16.0,2.0,0
8.3,7.2,,7.8,389.0,57.0,8.0,0
6.5,8.0,,7.3,308.0,46.0,6.0,0
5.3,8.5,,6.9,217.0,34.0,5.0,1
3.3,7.5,,5.4,194.0,32.0,4.0,0
2.0,6.7,,4.3,500.0,75.0,13.0,1
4.3,8.0,,6.2,571.0,92.0,15.0,1
8.7,7.5,,8.1,428.0,62.0,3.0,1
5.0,5.0,,5.0,581.0,95.0,7.0,1
2.3,2.7,,2.5,842.0,154.0,13.0,1
1.5,5.2,,3.3,649.0,114.0,9.0,1
4.0,6.8,,5.4,561.0,88.0,5.0,1
8.0,8.2,,8.1,47.0,5.0,1.0,0
8.0,8.2,,8.1,291.0,44.0,2.0,1
2.7,7.2,,4.9,712.0,131.0,12.0,1
3.7,4.3,,4.0,707.0,130.0,11.0,1
1.3,6.0,,3.7,680.0,124.0,10.0,1
3.5,5.5,,4.5,605.0,101.0,8.0,1
2.0,5.0,,3.5,435.0,66.0,4.0,0
4.0,5.3,,4.7,563.0,89.0,6.0,1
5.0,5.2,,5.1,451.0,69.0,3.0,1
3.7,5.8,,4.8,657.0,118.0,5.0,1
4.7,4.5,,4.6,790.0,148.0,7.0,1
4.3,7.5,,5.9,171.0,26.0,1.0,0
4.2,5.7,,4.9,239.0,39.0,2.0,0
4.7,6.5,,5.6,637.0,111.0,4.0,1
3.3,2.3,,2.8,744.0,137.0,6.0,1
3.0,8.0,,5.5,221.0,35.0,2.0,0
3.0,5.5,,4.3,633.0,110.0,9.0,1
1.2,2.2,,1.7,720.0,132.0,10.0,1
3.7,5.0,,4.3,609.0,103.0,8.0,1
4.3,1.7,,3.0,806.0,152.0,13.0,1
6.5,6.2,,6.3,334.0,50.0,4.0,1
4.0,6.5,,5.3,602.0,100.0,7.0,1
2.7,3.8,,3.3,769.0,142.0,12.0,1
5.4,7.8,,6.6,314.0,47.0,3.0,1
4.0,8.0,,6.0,431.0,64.0,5.0,1
1.0,5.5,,3.3,578.0,94.0,6.0,1
6.0,9.5,,7.8,99.0,13.0,1.0,0
2.0,2.0,,2.0,763.0,141.0,11.0,1
6.7,7.5,,7.1,415.0,61.0,12.0,1
6.5,8.2,,7.3,292.0,45.0,8.0,1
4.2,5.2,,4.7,660.0,120.0,15.0,1
5.7,6.2,,5.9,399.0,58.0,11.0,1
4.8,7.5,,6.2,235.0,37.0,7.0,0
6.7,7.7,,7.2,164.0,23.0,6.0,1
6.0,10.0,,8.0,43.0,4.0,2.0,1
6.5,8.5,,7.5,93.0,12.0,3.0,0
5.3,8.5,,6.9,375.0,55.0,10.0,1
1.3,7.7,,4.5,331.0,49.0,9.0,0
9.2,8.5,,8.8,14.0,2.0,1.0,0
1.0,4.0,,2.5,569.0,90.0,13.0,1
0.5,4.0,,2.3,607.0,102.0,14.0,1
10.0,5.0,,7.5,159.0,21.0,5.0,1
9.0,9.0,,9.0,110.0,15.0,4.0,1
2.3,6.8,,4.6,668.0,122.0,9.0,1
3.0,2.0,,2.5,696.0,128.0,11.0,1
10.0,9.0,,9.5,238.0,38.0,2.0,1
2.8,2.5,,2.7,749.0,138.0,12.0,1
7.5,9.5,,8.5,281.0,43.0,3.0,1
5.0,4.0,,4.5,439.0,68.0,5.0,0
5.7,4.5,,5.1,672.0,123.0,10.0,1
2.2,3.0,,2.6,780.0,146.0,13.0,1
4.8,6.5,,5.7,360.0,52.0,4.0,0
3.7,5.7,,4.7,627.0,109.0,8.0,0
4.0,0.0,,2.0,592.0,98.0,7.0,0
6.0,5.5,,5.8,531.0,82.0,6.0,1
6.5,8.0,,7.3,213.0,33.0,1.0,0
3.2,1.3,,2.3,789.0,147.0,14.0,1
6.0,5.0,,5.5,382.0,56.0,6.0,0
8.0,8.0,,8.0,87.0,11.0,2.0,0
9.0,6.0,,7.5,78.0,8.0,1.0,0
8.0,3.2,,5.6,321.0,48.0,4.0,1
1.5,4.7,,3.1,601.0,99.0,8.0,0
0.0,7.5,,3.8,518.0,79.0,7.0,1
6.3,7.5,,6.9,373.0,54.0,5.0,1
7.0,0.0,,3.5,773.0,144.0,10.0,0
5.0,6.0,,5.5,150.0,19.0,3.0,0
6.0,8.0,,7.0,703.0,129.0,9.0,1
6.8,8.2,,7.5,188.0,29.0,2.0,1
3.1,9.2,,6.1,654.0,117.0,9.0,1
5.0,4.5,,4.8,690.0,127.0,10.0,1
8.0,9.5,,8.8,187.0,28.0,1.0,1
0.0,4.7,,2.3,779.0,145.0,12.0,1
6.0,6.5,,6.3,529.0,81.0,6.0,1
6.0,8.7,,7.3,432.0,65.0,5.0,1
7.0,10.0,,8.5,240.0,40.0,3.0,1
4.7,6.5,,5.6,642.0,113.0,8.0,1
5.3,9.2,,7.3,401.0,59.0,4.0,1
0.5,6.0,,3.3,758.0,140.0,11.0,1
1.5,6.2,,3.8,792.0,149.0,13.0,1
2.0,5.2,,3.6,616.0,106.0,7.0,1
2.0,3.0,,2.5,658.0,119.0,11.0,1
2.7,7.0,,4.8,570.0,91.0,7.0,1
9.3,6.3,,7.8,139.0,18.0,1.0,0
0.5,6.0,,3.3,546.0,85.0,6.0,1
5.0,6.0,,5.5,664.0,121.0,12.0,1
4.5,3.7,,4.1,682.0,125.0,13.0,1
6.2,5.2,,5.7,263.0,41.0,2.0,0
5.3,7.3,,6.3,369.0,53.0,3.0,1
5.7,6.8,,6.3,639.0,112.0,9.0,1
1.8,2.2,,2.0,735.0,133.0,14.0,1
4.5,4.0,,4.3,737.0,134.0,15.0,1
1.3,4.7,,3.0,650.0,115.0,10.0,1
3.3,8.3,,5.8,430.0,63.0,4.0,1
5.0,6.0,,5.5,513.0,78.0,5.0,1
0.3,1.0,,0.7,860.0,155.0,16.0,1
3.8,6.0,,4.9,588.0,96.0,8.0,1
10.0,9.7,,9.8,40.0,5.0,1.0,1
6.8,5.7,,6.3,309.0,81.0,6.0,1
5.7,4.7,,5.2,424.0,109.0,9.0,0
4.3,6.7,,5.5,532.0,134.0,10.0,1
2.0,2.8,,2.4,805.0,185.0,13.0,1
8.0,5.0,,6.5,587.0,144.0,11.0,1
1.0,1.3,,1.2,837.0,191.0,14.0,1
6.7,7.8,,7.3,264.0,68.0,4.0,1
9.7,9.5,,9.6,45.0,6.0,2.0,1
6.0,8.5,,7.3,351.0,92.0,8.0,1
0.0,0.0,,0.0,743.0,176.0,12.0,0
6.0,9.3,,7.7,283.0,77.0,5.0,1
6.0,8.0,,7.0,329.0,86.0,7.0,1
8.2,6.0,,7.1,242.0,63.0,3.0,1
7.3,7.0,,7.2,61.0,12.0,1.0,0
6.3,5.2,,5.8,661.0,159.0,13.0,1
8.0,8.8,,8.4,184.0,42.0,6.0,1
5.8,5.5,,5.7,595.0,145.0,12.0,1
4.2,6.0,,5.1,678.0,163.0,14.0,1
8.0,9.5,,8.8,234.0,61.0,9.0,1
8.2,8.2,,8.2,196.0,46.0,7.0,1
9.5,9.5,,9.5,75.0,16.0,3.0,1
8.0,5.7,,6.8,201.0,48.0,8.0,0
6.7,8.2,,7.4,62.0,13.0,2.0,0
8.7,9.0,,8.8,155.0,38.0,5.0,1
7.8,8.2,,8.0,124.0,29.0,4.0,0
8.2,8.7,,8.4,276.0,73.0,10.0,1
8.3,6.0,,7.2,446.0,113.0,11.0,1
7.3,7.5,,7.4,254.0,66.0,4.0,1
0.0,9.0,,4.5,636.0,155.0,10.0,1
9.3,9.0,,9.2,199.0,47.0,3.0,1
5.8,8.3,,7.1,379.0,98.0,6.0,1
2.0,8.5,,5.3,458.0,117.0,7.0,1
5.3,7.0,,6.2,374.0,97.0,5.0,1
8.2,8.5,,8.3,77.0,17.0,2.0,0
2.0,7.5,,4.8,476.0,123.0,8.0,0
8.5,3.2,,5.8,631.0,154.0,9.0,1
10.0,9.8,,9.9,8.0,2.0,1.0,0
7.8,7.5,,7.7,271.0,70.0,8.0,1
6.0,9.0,,7.5,251.0,65.0,7.0,1
7.0,8.0,,7.5,144.0,36.0,5.0,0
5.0,8.5,,6.8,478.0,125.0,10.0,1
5.0,7.0,,6.0,228.0,59.0,6.0,0
7.0,8.0,,7.5,60.0,11.0,1.0,0
5.0,8.0,,6.5,278.0,74.0,9.0,1
9.0,9.2,,9.1,507.0,132.0,11.0,1
8.3,8.8,,8.6,138.0,35.0,4.0,1
7.7,8.3,,8.0,123.0,28.0,2.0,1
5.0,8.0,,6.5,135.0,33.0,3.0,0
5.3,2.7,,4.0,798.0,183.0,13.0,1
3.3,7.0,,5.2,643.0,156.0,12.0,1
9.0,8.8,,8.9,56.0,9.0,1.0,1
8.7,7.0,,7.8,132.0,31.0,2.0,1
4.0,7.0,,5.5,203.0,49.0,3.0,0
5.0,7.0,,6.0,499.0,130.0,5.0,1
6.5,7.7,,7.1,447.0,114.0,4.0,1
4.7,5.5,,5.1,504.0,131.0,6.0,1
6.3,5.7,,6.0,454.0,116.0,4.0,1
2.5,7.0,,4.8,612.0,147.0,7.0,1
4.5,9.0,,6.8,684.0,164.0,8.0,1
6.8,8.2,,7.5,249.0,64.0,1.0,1
6.8,7.2,,7.0,390.0,101.0,2.0,1
0.0,5.0,,2.5,793.0,182.0,10.0,1
5.3,7.7,,6.5,419.0,107.0,3.0,1
5.0,8.0,,6.5,471.0,121.0,5.0,1
1.0,5.5,,3.3,686.0,165.0,9.0,1
4.3,6.7,,5.5,580.0,142.0,6.0,1
3.3,7.8,,5.6,564.0,138.0,5.0,1
7.3,7.8,,7.6,218.0,56.0,1.0,1
5.7,8.7,,7.2,396.0,104.0,2.0,1
2.2,6.2,,4.2,688.0,166.0,9.0,1
2.0,1.8,,1.9,724.0,172.0,10.0,1
5.0,8.2,,6.6,539.0,136.0,4.0,1
6.0,5.0,,5.5,617.0,149.0,7.0,1
1.0,5.7,,3.3,663.0,160.0,8.0,1
1.7,6.3,,4.0,776.0,180.0,12.0,1
1.8,7.0,,4.4,732.0,174.0,11.0,1
4.8,8.0,,6.4,436.0,111.0,3.0,1
10.0,8.8,,9.4,57.0,10.0,1.0,1
0.5,8.0,,4.3,786.0,181.0,8.0,1
7.2,7.0,,7.1,260.0,67.0,6.0,1
3.2,4.3,,3.8,826.0,189.0,11.0,1
9.5,5.3,,7.4,185.0,43.0,3.0,1
8.3,7.7,,8.0,186.0,44.0,4.0,1
9.0,8.0,,8.5,81.0,18.0,2.0,1
2.5,2.0,,2.3,822.0,188.0,10.0,1
4.0,1.8,,2.9,809.0,186.0,9.0,1
9.5,7.5,,8.5,226.0,58.0,5.0,1
4.3,5.2,,4.8,691.0,167.0,7.0,1
8.0,8.5,,8.3,385.0,100.0,8.0,1
6.3,7.3,,6.8,464.0,118.0,9.0,1
0.7,2.0,,1.3,755.0,179.0,17.0,1
3.3,4.0,,3.7,630.0,153.0,13.0,1
4.5,9.0,,6.8,322.0,83.0,6.0,0
8.3,8.0,,8.2,70.0,15.0,2.0,1
5.5,9.5,,7.5,534.0,135.0,11.0,1
2.7,3.0,,2.8,739.0,175.0,16.0,1
7.5,8.0,,7.8,279.0,75.0,4.0,1
8.3,9.7,,9.0,182.0,41.0,3.0,1
9.3,9.7,,9.5,11.0,3.0,1.0,1
0.0,7.5,,3.8,715.0,171.0,15.0,1
6.3,8.8,,7.6,299.0,78.0,5.0,1
5.3,4.7,,5.0,648.0,157.0,14.0,1
4.3,5.5,,4.9,466.0,119.0,10.0,1
6.2,8.0,,7.1,333.0,87.0,7.0,1
4.5,4.7,,4.6,585.0,143.0,12.0,1
3.7,6.3,,5.0,362.0,94.0,7.0,0
8.2,8.2,,8.2,146.0,37.0,3.0,1
1.0,6.5,,3.8,615.0,148.0,10.0,1
9.3,9.2,,9.3,26.0,4.0,2.0,0
3.0,8.5,,5.8,219.0,57.0,4.0,0
5.7,9.2,,7.4,341.0,90.0,6.0,1
7.8,6.3,,7.1,305.0,80.0,5.0,1
7.2,9.7,,8.4,368.0,96.0,9.0,1
3.0,6.2,,4.6,694.0,168.0,11.0,1
6.0,9.5,,7.8,364.0,95.0,8.0,1
2.0,0.0,,1.0,813.0,187.0,12.0,1
8.8,9.8,,9.3,4.0,1.0,1.0,0
6.5,9.5,,8.0,67.0,14.0,1.0,0
4.7,2.7,,3.7,669.0,162.0,13.0,1
8.3,9.8,,9.1,85.0,19.0,2.0,1
2.8,5.0,,3.9,483.0,126.0,10.0,0
5.3,6.0,,5.7,231.0,60.0,7.0,0
8.3,8.8,,8.6,134.0,32.0,4.0,1
6.7,8.3,,7.5,209.0,52.0,6.0,1
8.0,9.7,,8.8,136.0,34.0,5.0,1
6.2,8.0,,7.1,406.0,106.0,8.0,1
2.0,1.5,,1.8,704.0,169.0,14.0,1
3.0,5.0,,4.0,652.0,158.0,12.0,1
3.0,9.5,,6.3,422.0,108.0,9.0,1
6.5,5.5,,6.0,557.0,137.0,11.0,1
6.0,7.0,,6.5,91.0,21.0,3.0,0
10.0,9.0,,9.5,214.0,54.0,4.0,1
9.7,6.2,,7.9,273.0,71.0,6.0,1
9.2,9.2,,9.2,108.0,23.0,2.0,1
9.8,9.3,,9.6,55.0,8.0,1.0,1
7.8,6.7,,7.3,120.0,27.0,3.0,0
9.2,8.5,,8.8,391.0,102.0,8.0,1
4.5,8.0,,6.3,453.0,115.0,10.0,1
6.8,6.5,,6.7,438.0,112.0,9.0,1
9.2,8.8,,9.0,236.0,62.0,5.0,1
8.5,5.0,,6.8,726.0,173.0,11.0,1
6.8,8.2,,7.5,337.0,89.0,7.0,1
4.8,2.7,,3.8,828.0,190.0,10.0,1
9.3,7.2,,8.3,300.0,79.0,4.0,1
8.0,5.5,,6.8,346.0,91.0,6.0,1
8.5,7.0,,7.8,319.0,82.0,5.0,1
2.5,0.0,,1.3,748.0,178.0,9.0,1
6.2,6.8,,6.5,619.0,150.0,8.0,1
9.3,9.0,,9.2,282.0,76.0,3.0,1
5.0,9.0,,7.0,112.0,24.0,1.0,0
6.5,8.0,,7.3,127.0,30.0,2.0,0
7.3,6.7,,7.0,515.0,133.0,7.0,1
5.5,7.2,,6.3,489.0,129.0,9.0,1
6.8,8.5,,7.7,325.0,84.0,5.0,1
8.0,5.0,,6.5,267.0,69.0,4.0,1
0.5,2.5,,1.5,802.0,184.0,14.0,1
7.3,7.3,,7.3,434.0,110.0,6.0,1
4.8,6.8,,5.8,477.0,124.0,8.0,1
2.0,5.8,,3.9,467.0,120.0,7.0,0
3.2,7.8,,5.5,622.0,151.0,12.0,1
2.5,7.0,,4.8,577.0,141.0,11.0,1
4.5,8.5,,6.5,210.0,53.0,2.0,0
7.0,7.7,,7.3,216.0,55.0,3.0,1
6.3,6.0,,6.2,565.0,139.0,10.0,1
9.7,8.0,,8.8,195.0,45.0,1.0,1
4.0,0.0,,2.0,711.0,170.0,13.0,1
8.8,8.0,,8.4,90.0,20.0,1.0,1
1.5,5.2,,3.3,624.0,152.0,12.0,1
5.0,5.5,,5.3,574.0,140.0,10.0,1
6.3,8.5,,7.4,393.0,103.0,8.0,1
5.5,8.3,,6.9,486.0,127.0,9.0,1
7.7,7.8,,7.8,180.0,40.0,5.0,1
7.0,8.5,,7.8,98.0,22.0,2.0,0
9.5,9.0,,9.3,115.0,25.0,3.0,1
5.5,8.0,,6.8,384.0,99.0,7.0,1
8.3,8.2,,8.3,206.0,50.0,6.0,1
5.0,7.5,,6.3,606.0,146.0,11.0,1
9.0,9.0,,9.0,117.0,26.0,4.0,1
4.7,6.5,,5.6,357.0,93.0,7.0,1
9.5,9.0,,9.3,208.0,51.0,3.0,1
5.8,8.0,,6.9,50.0,7.0,1.0,0
8.3,7.3,,7.8,274.0,72.0,4.0,1
5.7,7.8,,6.8,473.0,122.0,9.0,1
5.0,6.5,,5.8,665.0,161.0,11.0,1
5.0,7.5,,6.3,405.0,105.0,8.0,1
6.5,7.0,,6.8,488.0,128.0,10.0,1
8.0,7.5,,7.8,160.0,39.0,2.0,1
3.7,5.3,,4.5,747.0,177.0,12.0,1
2.8,2.8,,2.8,845.0,192.0,13.0,1
5.0,7.0,,6.0,326.0,85.0,5.0,1
6.5,7.3,,6.9,335.0,88.0,6.0,1
8.8,8.8,,8.8,269.0,75.0,4.0,1
8.5,9.1,,8.8,323.0,96.0,6.0,1
9.4,8.9,,9.2,21.0,2.0,1.0,0
8.9,7.0,,8.0,181.0,50.0,3.0,0
8.8,5.9,,7.4,284.0,79.0,5.0,0
9.5,9.1,,9.3,165.0,44.0,2.0,1
7.7,6.8,,7.3,52.0,13.0,1.0,0
7.5,7.0,,7.3,143.0,40.0,2.0,1
6.7,5.8,,6.3,441.0,129.0,6.0,1
8.0,6.8,,7.4,302.0,85.0,4.0,1
6.5,6.5,,6.5,427.0,128.0,5.0,1
7.0,7.0,,7.0,262.0,74.0,3.0,1
8.0,0.0,,4.0,728.0,180.0,3.0,1
9.0,9.6,,9.3,72.0,19.0,1.0,0
8.0,8.0,,8.0,533.0,152.0,2.0,1
9.2,8.5,,8.8,227.0,62.0,5.0,1
9.0,7.5,,8.3,233.0,63.0,6.0,1
8.0,7.8,,7.9,212.0,56.0,4.0,1
6.0,5.5,,5.8,655.0,172.0,9.0,1
7.2,6.8,,7.0,294.0,83.0,8.0,1
9.6,9.3,,9.4,16.0,1.0,1.0,0
7.0,6.8,,6.9,285.0,80.0,7.0,1
5.0,6.3,,5.7,158.0,43.0,3.0,0
8.2,8.0,,8.1,49.0,11.0,2.0,0
2.2,2.8,,2.5,849.0,189.0,5.0,0
6.5,6.7,,6.6,338.0,98.0,2.0,1
8.8,8.0,,8.4,246.0,67.0,1.0,1
8.0,8.2,,8.1,339.0,99.0,3.0,1
7.5,6.7,,7.1,603.0,165.0,4.0,1
9.2,9.2,,9.2,224.0,60.0,2.0,1
8.7,8.7,,8.7,215.0,57.0,1.0,1
7.0,6.7,,6.8,366.0,110.0,5.0,0
5.3,4.8,,5.1,710.0,177.0,9.0,1
7.7,6.6,,7.2,572.0,160.0,7.0,1
7.0,7.2,,7.1,614.0,168.0,8.0,1
9.1,9.1,,9.1,252.0,69.0,4.0,1
8.8,8.2,,8.5,241.0,64.0,3.0,1
7.1,7.6,,7.3,400.0,117.0,6.0,1
2.3,2.3,,2.3,801.0,186.0,10.0,1
7.0,6.8,,6.9,398.0,116.0,5.0,1
4.0,3.0,,3.5,721.0,178.0,11.0,1
8.7,7.3,,8.0,725.0,179.0,12.0,1
8.0,7.7,,7.8,348.0,102.0,3.0,1
8.5,7.5,,8.0,503.0,144.0,6.0,1
4.8,5.0,,4.9,604.0,166.0,9.0,1
7.3,6.0,,6.7,641.0,171.0,10.0,1
5.0,5.8,,5.4,545.0,155.0,7.0,1
9.2,9.2,,9.2,118.0,33.0,1.0,0
5.0,3.3,,4.2,783.0,185.0,13.0,1
7.3,7.8,,7.6,575.0,161.0,8.0,1
8.2,7.0,,7.6,149.0,41.0,2.0,0
7.8,8.3,,8.1,355.0,106.0,4.0,1
5.3,5.7,,5.5,345.0,101.0,4.0,0
2.9,8.3,,5.6,512.0,146.0,6.0,0
4.0,6.0,,5.0,675.0,175.0,7.0,0
5.8,3.0,,4.4,492.0,140.0,5.0,0
9.3,7.4,,8.4,225.0,61.0,3.0,0
9.3,8.9,,9.1,74.0,20.0,1.0,0
8.5,7.8,,8.1,96.0,26.0,2.0,0
8.7,8.0,,8.3,169.0,46.0,1.0,1
7.3,7.2,,7.3,443.0,130.0,3.0,1
7.5,6.8,,7.2,377.0,113.0,2.0,1
6.0,4.2,,5.1,594.0,163.0,13.0,1
8.0,6.5,,7.3,505.0,145.0,9.0,1
7.8,6.7,,7.3,316.0,92.0,4.0,1
4.7,6.2,,5.4,589.0,162.0,12.0,1
8.5,9.5,,9.0,131.0,37.0,1.0,1
7.7,3.7,,5.7,417.0,124.0,6.0,0
6.0,5.8,,5.9,549.0,156.0,11.0,0
7.3,7.0,,7.2,420.0,125.0,7.0,1
7.3,5.2,,6.3,526.0,150.0,10.0,1
8.3,6.2,,7.3,456.0,132.0,8.0,1
4.8,4.8,,4.8,597.0,164.0,14.0,1
6.0,6.3,,6.2,220.0,58.0,2.0,0
8.5,7.7,,8.1,367.0,111.0,5.0,1
7.7,6.7,,7.2,253.0,70.0,3.0,0
8.2,9.4,,8.8,245.0,66.0,6.0,1
9.6,8.6,,9.1,122.0,34.0,5.0,1
9.5,8.1,,8.8,318.0,94.0,7.0,1
7.1,6.4,,6.8,670.0,173.0,10.0,1
2.7,4.9,,3.8,808.0,187.0,11.0,1
9.6,9.4,,9.5,86.0,22.0,4.0,1
9.4,8.8,,9.1,37.0,8.0,2.0,0
7.8,8.1,,7.9,626.0,169.0,9.0,1
9.8,9.3,,9.5,29.0,4.0,1.0,0
5.6,5.8,,5.7,495.0,142.0,8.0,1
9.9,9.6,,9.7,71.0,18.0,3.0,1
8.0,8.2,,8.1,166.0,45.0,5.0,1
8.3,6.7,,7.5,288.0,81.0,7.0,1
9.3,8.2,,8.8,94.0,25.0,2.0,1
8.8,7.5,,8.2,130.0,36.0,3.0,1
7.3,6.0,,6.7,402.0,118.0,10.0,1
6.3,6.7,,6.5,361.0,109.0,9.0,1
7.2,7.8,,7.5,141.0,38.0,4.0,0
5.0,3.7,,4.3,523.0,149.0,11.0,1
8.5,8.8,,8.7,88.0,23.0,1.0,1
7.3,6.7,,7.0,304.0,87.0,8.0,1
7.0,7.2,,7.1,255.0,71.0,6.0,1
9.6,6.2,,7.9,272.0,76.0,3.0,1
8.5,8.1,,8.3,101.0,28.0,1.0,0
7.2,6.9,,7.0,179.0,49.0,2.0,0
9.3,9.2,,9.2,490.0,139.0,5.0,1
9.3,6.8,,8.1,520.0,147.0,6.0,1
7.8,4.4,,6.1,280.0,78.0,4.0,0
5.5,5.8,,5.7,751.0,182.0,7.0,1
0.0,3.3,,1.7,856.0,190.0,9.0,1
6.5,4.0,,5.3,457.0,133.0,4.0,0
6.0,8.2,,7.1,342.0,100.0,3.0,1
2.2,3.0,,2.6,760.0,183.0,8.0,1
6.3,7.5,,6.9,502.0,143.0,6.0,1
8.0,8.5,,8.3,205.0,54.0,1.0,1
5.7,6.3,,6.0,317.0,93.0,2.0,0
4.7,7.3,,6.0,487.0,138.0,5.0,0
7.8,8.5,,8.2,54.0,14.0,1.0,1
8.8,8.0,,8.4,256.0,72.0,4.0,1
6.3,5.8,,6.1,485.0,137.0,11.0,1
4.2,2.7,,3.4,426.0,127.0,9.0,0
7.8,8.2,,8.0,68.0,17.0,2.0,0
3.7,4.7,,4.2,359.0,108.0,7.0,0
8.5,7.2,,7.8,307.0,89.0,6.0,1
6.3,6.7,,6.5,306.0,88.0,5.0,1
6.5,5.8,,6.2,480.0,136.0,10.0,1
6.0,6.0,,6.0,527.0,151.0,12.0,1
3.7,4.5,,4.1,381.0,114.0,8.0,0
8.0,6.5,,7.3,126.0,35.0,3.0,0
5.8,5.0,,5.4,416.0,123.0,3.0,1
8.2,6.5,,7.3,421.0,126.0,4.0,1
7.0,5.7,,6.3,472.0,135.0,5.0,1
8.5,7.2,,7.8,244.0,65.0,2.0,1
6.3,5.8,,6.1,551.0,157.0,8.0,0
7.2,6.3,,6.8,611.0,167.0,9.0,1
9.0,7.5,,8.3,193.0,51.0,1.0,1
6.5,6.0,,6.3,494.0,141.0,6.0,1
5.5,4.0,,4.8,540.0,153.0,7.0,1
8.7,8.9,,8.8,65.0,16.0,2.0,0
5.0,8.2,,6.6,290.0,82.0,5.0,0
9.5,8.6,,9.0,109.0,31.0,3.0,0
9.7,8.8,,9.3,51.0,12.0,1.0,0
5.5,7.1,,6.3,410.0,120.0,7.0,0
9.7,9.5,,9.6,175.0,47.0,4.0,0
8.9,5.7,,7.3,635.0,170.0,8.0,1
8.3,6.6,,7.4,313.0,90.0,6.0,0
6.7,5.3,,6.0,459.0,134.0,6.0,0
7.8,7.2,,7.5,275.0,77.0,4.0,1
7.7,5.3,,6.5,552.0,158.0,7.0,1
9.5,9.7,,9.6,32.0,6.0,1.0,1
7.7,6.5,,7.1,197.0,52.0,2.0,0
6.5,5.8,,6.2,320.0,95.0,5.0,0
8.0,6.5,,7.3,223.0,59.0,3.0,0
7.7,4.3,,6.0,349.0,103.0,1.0,1
5.2,4.0,,4.6,671.0,174.0,5.0,1
6.5,5.7,,6.1,521.0,148.0,3.0,1
4.0,1.7,,2.8,729.0,181.0,6.0,1
7.0,5.0,,6.0,555.0,159.0,4.0,0
8.3,6.8,,7.6,412.0,121.0,2.0,1
4.3,6.5,,5.4,211.0,55.0,5.0,0
7.7,7.5,,7.6,352.0,104.0,6.0,1
7.3,6.5,,6.9,444.0,131.0,9.0,1
8.2,7.5,,7.8,142.0,39.0,3.0,0
5.8,6.2,,6.0,414.0,122.0,8.0,1
7.3,7.0,,7.2,356.0,107.0,7.0,1
8.8,8.8,,8.8,92.0,24.0,1.0,1
8.2,7.5,,7.8,204.0,53.0,4.0,1
9.2,8.8,,9.0,105.0,30.0,2.0,1
7.6,7.3,,7.5,408.0,119.0,6.0,0
9.0,9.3,,9.2,250.0,68.0,3.0,1
9.2,8.3,,8.8,83.0,21.0,1.0,0
6.6,5.9,,6.3,330.0,97.0,4.0,1
5.8,5.0,,5.4,811.0,188.0,7.0,1
9.6,5.9,,7.8,178.0,48.0,2.0,0
8.6,5.8,,7.2,395.0,115.0,5.0,1
9.1,9.1,,9.1,154.0,42.0,3.0,0
9.8,8.5,,9.2,30.0,5.0,1.0,0
6.0,5.8,,5.9,695.0,176.0,10.0,0
9.1,8.3,,8.7,35.0,7.0,2.0,0
7.7,4.0,,5.9,353.0,105.0,7.0,0
7.8,7.6,,7.7,543.0,154.0,9.0,1
9.8,8.1,,9.0,315.0,91.0,6.0,1
9.8,8.3,,9.1,371.0,112.0,8.0,1
8.1,8.8,,8.5,258.0,73.0,4.0,0
7.9,8.7,,8.3,303.0,86.0,5.0,0
2.5,1.8,,2.1,767.0,184.0,9.0,0
8.8,8.2,,8.5,28.0,3.0,1.0,0
9.5,9.0,,9.3,116.0,32.0,7.0,0
9.7,9.6,,9.7,41.0,9.0,2.0,1
8.5,8.2,,8.4,48.0,10.0,3.0,0
9.6,9.3,,9.5,97.0,27.0,5.0,1
8.4,6.9,,7.7,301.0,84.0,8.0,0
9.4,8.4,,8.9,58.0,15.0,4.0,0
8.9,7.2,,8.1,104.0,29.0,6.0,0
9.8,9.4,,9.6,,,,0
8.5,9.2,,8.9,,,,1
7.0,5.5,,6.3,,,,0
7.0,5.5,,6.3,,,,0
7.3,7.5,,7.4,,,,0
8.2,8.9,,8.6,,,,0
8.7,9.0,,8.9,,,,0
7.8,6.3,,7.1,,,,0
9.8,9.4,,9.6,,,,0
2.0,1.0,,1.5,,,,1
6.8,7.0,,6.9,,,,1
5.5,3.0,,4.3,,,,1
7.2,6.8,,7.0,,,,1
6.3,3.3,,4.8,,,,1
7.0,7.5,,7.3,,,,1
7.3,7.7,,7.5,,,,0
7.5,6.2,,6.9,,,,1
8.0,8.2,,8.1,,,,1
8.2,8.2,,8.2,,,,1
6.3,6.2,,6.3,,,,0
7.5,7.0,,7.3,,,,0
4.8,4.5,,4.7,,,,0
8.0,8.7,,8.4,,,,0
8.4,9.2,,8.8,,,,0
8.5,8.8,,8.7,,,,0
7.6,8.5,,8.1,,,,0
7.8,9.0,,8.4,,,,0
8.2,9.3,,8.8,,,,0
8.7,9.5,,9.1,,,,0
8.0,8.6,,8.3,,,,0
6.2,8.8,,7.5,,,,1
8.3,4.7,,6.5,,,,0
8.5,8.0,,8.3,,,,0
8.7,8.2,,8.5,,,,1
9.5,9.0,,9.3,,,,1
9.3,9.5,,9.4,,,,1
9.3,8.8,,9.1,,,,1
6.8,6.7,,6.8,,,,0
9.0,8.0,,8.5,,,,0
8.2,8.7,,8.5,,,,0
8.5,8.0,,8.3,,,,0
6.8,7.7,,7.3,,,,1
7.2,5.7,,6.5,,,,1
8.2,7.5,,7.9,,,,1
9.7,9.0,,9.4,,,,1
9.3,9.6,,9.5,,,,0
8.0,7.5,,7.8,,,,0
6.3,5.7,,6.0,,,,0
7.7,7.3,,7.5,,,,1
7.3,6.8,,7.1,,,,1
8.8,7.8,,8.3,,,,1
4.5,3.3,,3.9,,,,1
7.7,7.8,,7.8,,,,0
6.8,6.3,,6.6,,,,1
7.5,7.6,,7.6,,,,1
6.0,6.8,,6.4,,,,0
9.3,9.2,,9.3,,,,0
7.5,9.0,,8.3,,,,1
9.3,9.3,,9.3,,,,1
8.1,8.7,,8.4,,,,1
7.7,9.4,,8.6,,,,0
9.2,9.4,,9.3,,,,0
6.7,9.0,,7.9,,,,0
9.1,9.2,,9.2,,,,1
8.8,9.5,,9.2,,,,1
8.8,9.0,,8.9,,,,0
8.0,7.5,,7.8,,,,1
6.7,6.7,,6.7,,,,1
3.7,3.0,,3.4,,,,1
7.2,7.5,,7.4,,,,0
8.3,7.7,,8.0,,,,1
7.3,7.8,,7.6,,,,1
9.0,9.2,,9.1,,,,1
6.2,6.3,,6.3,,,,1
6.7,7.8,,7.3,,,,1
8.3,8.0,,8.2,,,,1
6.7,7.0,,6.9,,,,1
5.5,4.3,,4.9,,,,1
9.5,6.3,,7.9,,,,1
6.2,5.8,,6.0,,,,0
9.0,8.4,,8.7,,,,0
8.1,8.7,,8.4,,,,0
7.7,5.5,,6.6,,,,1
5.3,8.7,,7.0,,,,0
7.1,8.3,,7.7,,,,0
5.5,5.0,,5.3,,,,1
6.0,6.2,,6.1,,,,0
6.5,6.0,,6.3,,,,0
8.5,8.2,,8.4,,,,0
4.5,6.3,,5.4,,,,1
8.0,6.2,,7.1,,,,1
7.5,7.0,,7.3,,,,0
6.2,8.8,,7.5,,,,1
5.0,5.0,,5.0,,,,0
5.2,5.5,,5.4,,,,0
7.2,7.5,,7.4,,,,1
7.5,4.5,,6.0,,,,0
7.5,8.0,,7.8,,,,1
7.3,7.0,,7.2,,,,1
7.5,7.0,,7.3,,,,0
6.0,6.7,,6.4,,,,1
6.8,7.8,,7.3,,,,0
6.5,5.7,,6.1,,,,1
4.2,6.0,,5.1,,,,1
7.0,4.7,,5.9,,,,1
6.5,7.0,,6.8,,,,1
7.0,5.8,,6.4,,,,1
9.8,9.8,,9.8,,,,0
8.7,8.9,,8.8,,,,0
8.7,9.3,,9.0,,,,0
7.0,8.5,,7.8,,,,0
6.5,8.4,,7.5,,,,0
8.0,7.3,,7.7,,,,0
8.3,9.0,,8.7,,,,0
9.2,9.5,,9.4,,,,1
5.0,8.0,,6.5,,,,0
9.0,9.3,,9.2,,,,0
5.4,6.8,,6.1,,,,1
0.0,8.3,,4.2,,,,1
5.0,5.7,,5.4,,,,1
8.5,7.2,,7.9,,,,0
6.8,7.5,,7.2,,,,1
6.8,5.7,,6.3,,,,1
5.0,5.0,,5.0,,,,0
7.3,6.8,,7.1,,,,1
8.0,8.0,,8.0,,,,0
8.3,6.7,,7.5,,,,1
8.0,7.8,,7.9,,,,1
5.2,7.2,,6.2,,,,1
8.7,7.7,,8.2,,,,1
9.2,5.8,,7.5,,,,1
8.0,7.8,,7.9,,,,0
9.0,9.5,,9.3,,,,0
5.7,5.4,,5.6,,,,1
1.7,4.9,,3.3,,,,0
0.0,0.0,,0.0,,,,0
9.1,8.6,,8.9,,,,0
9.5,9.0,,9.3,,,,0
8.0,7.8,,7.9,,,,1
8.5,8.3,,8.4,,,,0
8.2,7.8,,8.0,,,,1
8.8,9.2,,9.0,,,,0
7.0,7.5,,7.3,,,,1
8.5,8.0,,8.3,,,,0
7.8,7.5,,7.7,,,,0
8.0,8.5,,8.3,,,,1
8.0,7.5,,7.8,,,,1
8.8,7.8,,8.3,,,,1
9.0,8.7,,8.9,,,,1
7.7,6.0,,6.9,,,,1
9.0,9.2,,9.1,,,,1
7.3,7.3,,7.3,,,,1
7.8,7.8,,7.8,,,,1
6.0,5.8,,5.9,,,,1
9.0,9.2,,9.1,,,,0
9.0,9.0,,9.0,,,,1
9.3,9.3,,9.3,,,,0
9.2,9.2,,9.2,,,,1
7.8,8.0,,7.9,,,,1
9.5,9.0,,9.3,,,,1
7.7,7.7,,7.7,,,,0
6.5,6.0,,6.3,,,,1
6.2,6.2,,6.2,,,,1
9.5,7.8,,8.7,,,,1
6.8,6.8,,6.8,,,,1
7.8,7.7,,7.8,,,,1
8.3,7.7,,8.0,,,,1
8.3,8.7,,8.5,,,,1
7.3,7.0,,7.2,,,,1
5.3,4.0,,4.7,,,,1
5.0,5.0,,5.0,,,,1
6.5,6.5,,6.5,,,,1
8.0,8.5,,8.3,,,,1
6.3,5.3,,5.8,,,,0
6.0,5.0,,5.5,,,,0
9.2,9.5,,9.4,,,,0
5.5,8.3,,6.9,,,,0
6.2,5.7,,6.0,,,,0
6.2,4.1,,5.2,,,,1
8.8,8.8,,8.8,,,,0
7.2,5.8,,6.5,,,,0
9.0,8.2,,8.6,,,,0
5.7,5.9,,5.8,,,,0
8.7,8.5,,8.6,,,,0
6.0,6.0,,6.0,,,,0
6.5,6.0,,6.3,,,,0
8.7,8.7,,8.7,,,,1
5.7,5.8,,5.8,,,,0
8.7,8.5,,8.6,,,,0
8.8,8.8,,8.8,,,,0
8.3,8.2,,8.3,,,,0
7.3,6.2,,6.8,,,,0
8.3,8.3,,8.3,,,,0
7.5,7.0,,7.3,,,,0
8.5,8.5,,8.5,,,,1
8.7,7.8,,8.3,,,,1
9.0,8.3,,8.7,,,,1
8.3,7.2,,7.8,,,,1
8.0,7.3,,7.7,,,,1
8.2,7.8,,8.0,,,,1
4.8,4.3,,4.6,,,,1
8.5,8.7,,8.6,,,,0
5.3,5.0,,5.2,,,,1
6.2,5.7,,6.0,,,,0
5.3,4.8,,5.1,,,,1
8.7,8.5,,8.6,,,,1
7.2,7.0,,7.1,,,,0
8.0,7.7,,7.9,,,,1
8.3,8.3,,8.3,,,,1
3.3,3.5,,3.4,,,,1
6.0,5.7,,5.9,,,,0
8.2,8.2,,8.2,,,,0
7.0,7.0,,7.0,,,,0
8.3,8.3,,8.3,,,,1
8.3,7.3,,7.8,,,,1
7.0,7.0,,7.0,,,,1
8.0,0.0,,4.0,,,,0
8.5,8.9,,8.7,,,,0
6.5,9.2,,7.9,,,,0
8.4,9.2,,8.8,,,,0
8.7,8.6,,8.7,,,,0
8.9,8.6,,8.8,,,,1
8.1,8.5,,8.3,,,,0
7.5,9.2,,8.4,,,,0
8.2,8.9,,8.6,,,,1
8.3,9.2,,8.8,,,,0
9.0,9.8,,9.4,,,,0
5.5,4.8,,5.2,,,,0
7.0,6.2,,6.6,,,,0
7.0,9.5,,8.3,,,,0
7.7,8.7,,8.2,,,,0
5.0,7.6,,6.3,,,,1
6.8,7.0,,6.9,,,,1
6.7,7.0,,6.9,,,,1
5.8,7.5,,6.7,,,,1
7.0,8.3,,7.7,,,,1
8.2,9.0,,8.6,,,,1
5.8,6.8,,6.3,,,,0
5.2,8.2,,6.7,,,,0
0.5,8.0,,4.3,,,,0
4.2,6.8,,5.5,,,,1
4.3,7.8,,6.1,,,,0
2.5,4.0,,3.3,,,,0
4.7,4.7,,4.7,,,,0
8.5,9.7,,9.1,,,,0
5.7,6.2,,6.0,,,,1
7.2,8.5,,7.9,,,,1
6.8,7.7,,7.3,,,,1
10.0,9.5,,9.8,,,,1
6.7,9.3,,8.0,,,,0
7.5,7.5,,7.5,,,,0
5.2,7.5,,6.4,,,,1
2.3,4.0,,3.2,,,,1
4.3,7.0,,5.7,,,,0
4.8,6.7,,5.8,,,,1
6.5,9.2,,7.9,,,,0
4.2,7.7,,6.0,,,,1
4.8,8.7,,6.8,,,,1
5.0,5.0,,5.0,,,,1
7.3,8.7,,8.0,,,,1
3.5,7.2,,5.4,,,,0
6.2,7.5,,6.9,,,,1
8.3,8.2,,8.3,,,,1
9.2,8.5,,8.9,,,,1
2.8,6.3,,4.6,,,,1
5.7,7.2,,6.5,,,,1
4.8,7.0,,5.9,,,,1
5.7,6.2,,6.0,,,,1
7.0,8.8,,7.9,,,,1
7.8,8.7,,8.3,,,,1
4.0,7.5,,5.8,,,,0
7.8,7.7,,7.8,,,,1
5.2,8.3,,6.8,,,,0
9.2,8.5,,8.9,,,,1
4.2,7.8,,6.0,,,,0
9.0,7.0,,8.0,,,,1
5.0,8.3,,6.7,,,,1
6.5,9.5,,8.0,,,,1
7.5,5.5,,6.5,,,,1
6.0,6.3,,6.2,,,,1
5.8,7.3,,6.6,,,,1
1.8,4.7,,3.3,,,,1
4.3,8.0,,6.2,,,,0
6.3,7.7,,7.0,,,,0
7.5,7.2,,7.4,,,,1
7.0,8.7,,7.9,,,,1
4.0,4.5,,4.3,,,,1
6.7,8.2,,7.5,,,,1
4.8,8.5,,6.7,,,,1
2.0,3.0,,2.5,,,,1
5.0,6.2,,5.6,,,,1
4.5,7.7,,6.1,,,,1
5.7,8.2,,7.0,,,,1
5.5,6.3,,5.9,,,,1
6.3,9.2,,7.8,,,,0
7.5,9.3,,8.4,,,,0
6.0,8.3,,7.2,,,,0
6.8,9.0,,7.9,,,,1
5.0,6.2,,5.6,,,,1
6.3,6.3,,6.3,,,,0
5.8,8.0,,6.9,,,,0
5.7,6.0,,5.9,,,,1
7.5,8.8,,8.2,,,,1
5.5,7.0,,6.3,,,,1
6.2,8.2,,7.2,,,,1
7.0,9.8,,8.4,,,,0
5.5,7.5,,6.5,,,,1
5.0,5.5,,5.3,,,,0
8.7,9.3,,9.0,,,,1
7.0,8.8,,7.9,,,,1
7.7,8.5,,8.1,,,,1
5.7,7.3,,6.5,,,,1
5.5,7.8,,6.7,,,,1
5.5,7.2,,6.4,,,,1
2.0,5.2,,3.6,,,,1
3.8,6.2,,5.0,,,,1
6.7,8.0,,7.4,,,,1
7.0,8.0,,7.5,,,,0
6.5,8.3,,7.4,,,,1
7.8,9.3,,8.6,,,,0
6.2,7.3,,6.8,,,,1
6.5,6.2,,6.4,,,,1
5.0,8.2,,6.6,,,,1
6.0,5.0,,5.5,,,,1
7.8,9.2,,8.5,,,,1
8.3,8.8,,8.6,,,,1
4.2,2.7,,3.5,,,,1
6.5,7.8,,7.2,,,,1
7.8,8.3,,8.1,,,,0
6.0,4.5,,5.3,,,,1
8.0,9.3,,8.7,,,,0
6.2,5.3,,5.8,,,,1
7.3,9.0,,8.2,,,,1
9.0,9.7,,9.4,,,,1
4.7,7.2,,6.0,,,,1
9.2,8.2,,8.7,,,,1
4.8,8.7,,6.8,,,,1
6.0,6.3,,6.2,,,,1
6.0,7.8,,6.9,,,,0
6.5,8.0,,7.3,,,,1
8.2,9.4,,8.8,,,,1
2.2,3.2,,2.7,,,,1
7.2,7.5,,7.4,,,,1
6.7,7.3,,7.0,,,,1
8.0,8.0,,8.0,,,,1
8.7,8.0,,8.4,,,,1
6.5,6.0,,6.3,,,,0
7.0,8.0,,7.5,,,,1
9.2,7.7,,8.5,,,,1
6.2,5.3,,5.8,,,,1
5.5,8.2,,6.9,,,,1
6.5,6.0,,6.3,,,,1
4.0,6.7,,5.4,,,,0
1.2,5.0,,3.1,,,,1
7.7,8.5,,8.1,,,,1
6.2,9.0,,7.6,,,,1
9.3,10.0,,9.7,,,,1
4.3,7.0,,5.7,,,,1
5.0,5.3,,5.2,,,,1
7.5,9.2,,8.4,,,,0
8.8,9.7,,9.3,,,,1
4.8,7.5,,6.2,,,,0
6.8,8.3,,7.6,,,,1
7.3,7.5,,7.4,,,,1
4.2,7.2,,5.7,,,,1
4.8,8.0,,6.4,,,,1
5.3,7.3,,6.3,,,,0
4.7,7.0,,5.9,,,,1
6.0,9.5,,7.8,,,,0
8.3,8.8,,8.6,,,,1
7.7,6.3,,7.0,,,,1
5.2,4.3,,4.8,,,,1
7.0,8.8,,7.9,,,,1
4.2,8.2,,6.2,,,,1
4.5,6.3,,5.4,,,,1
9.0,9.3,,9.2,,,,1
4.5,8.2,,6.4,,,,1
8.3,9.7,,9.0,,,,1
5.0,6.0,,5.5,,,,1
7.5,6.7,,7.1,,,,1
7.0,8.0,,7.5,,,,1
4.7,5.7,,5.2,,,,1
7.8,8.5,,8.2,,,,1
6.2,7.8,,7.0,,,,1
7.8,10.0,,8.9,,,,1
4.0,5.8,,4.9,,,,1
6.3,7.5,,6.9,,,,0
7.0,7.2,,7.1,,,,1
9.7,9.3,,9.5,,,,0
5.3,6.3,,5.8,,,,1
2.3,5.5,,3.9,,,,0
9.2,8.7,,9.0,,,,1
4.3,7.8,,6.1,,,,1
7.8,8.8,,8.3,,,,1
7.0,6.0,,6.5,,,,1
8.7,8.2,,8.5,,,,1
6.8,6.2,,6.5,,,,1
6.8,8.3,,7.6,,,,0
9.3,9.5,,9.4,,,,1
1.7,5.3,,3.5,,,,1
5.0,5.7,,5.4,,,,0
5.5,6.8,,6.2,,,,0
6.2,7.5,,6.9,,,,1
6.5,8.0,,7.3,,,,1
9.3,10.0,,9.7,,,,0
4.7,7.2,,6.0,,,,0
5.2,8.2,,6.7,,,,0
5.0,6.8,,5.9,,,,0
4.8,7.5,,6.2,,,,1
6.3,7.3,,6.8,,,,1
7.5,9.0,,8.3,,,,1
1.7,5.3,,3.5,,,,1
8.0,4.0,,6.0,,,,1
3.3,9.0,,6.2,,,,0
5.0,6.0,,5.5,,,,1
9.8,9.5,,9.7,,,,0
7.2,7.8,,7.5,,,,0
9.2,9.7,,9.5,,,,0
9.0,8.0,,8.5,,,,1
2.8,8.7,,5.8,,,,0
3.3,6.7,,5.0,,,,0
6.8,7.8,,7.3,,,,0
3.2,4.0,,3.6,,,,1
6.2,8.7,,7.5,,,,0
6.0,8.8,,7.4,,,,1
4.3,8.5,,6.4,,,,1
9.0,8.7,,8.9,,,,1
7.3,7.8,,7.6,,,,1
0.0,3.0,,1.5,,,,1
8.0,5.0,,6.5,,,,1
3.5,6.5,,5.0,,,,1
7.0,8.0,,7.5,,,,0
6.3,9.0,,7.7,,,,0
5.0,8.5,,6.8,,,,0
9.0,9.5,,9.3,,,,0
2.0,6.7,,4.4,,,,1
6.0,7.3,,6.7,,,,1
6.0,5.3,,5.7,,,,1
3.7,7.0,,5.4,,,,1
8.2,9.0,,8.6,,,,1
5.3,7.8,,6.6,,,,0
8.5,7.2,,7.9,,,,0
6.0,7.5,,6.8,,,,1
6.0,8.0,,7.0,,,,0
8.7,9.3,,9.0,,,,1
8.7,8.7,,8.7,,,,0
9.3,9.7,,9.5,,,,1
6.0,7.8,,6.9,,,,1
9.3,9.0,,9.2,,,,0
7.8,9.2,,8.5,,,,0
5.8,4.7,,5.3,,,,1
8.0,8.7,,8.4,,,,0
8.8,9.2,,9.0,,,,1
4.5,8.7,,6.6,,,,1
3.8,7.3,,5.6,,,,0
5.5,7.8,,6.7,,,,0
5.8,5.5,,5.7,,,,0
9.0,8.8,,8.9,,,,1
9.5,9.7,,9.6,,,,0
8.3,9.3,,8.8,,,,1
7.5,8.8,,8.2,,,,1
3.7,7.0,,5.4,,,,1
4.3,6.5,,5.4,,,,1
6.3,6.5,,6.4,,,,1
7.3,9.7,,8.5,,,,1
5.7,4.7,,5.2,,,,1
6.3,7.8,,7.1,,,,0
4.2,6.3,,5.3,,,,0
5.7,9.2,,7.5,,,,0
6.8,6.8,,6.8,,,,1
4.5,5.5,,5.0,,,,0
7.2,9.7,,8.5,,,,1
6.5,7.7,,7.1,,,,0
7.7,8.5,,8.1,,,,0
5.0,3.0,,4.0,,,,1
6.8,9.0,,7.9,,,,1
4.3,7.5,,5.9,,,,1
4.7,6.5,,5.6,,,,0
5.0,7.3,,6.2,,,,1
6.2,8.5,,7.4,,,,1
3.5,5.8,,4.7,,,,1
8.2,9.2,,8.7,,,,0
6.5,8.2,,7.4,,,,1
5.5,7.3,,6.4,,,,1
6.0,6.3,,6.2,,,,0
5.7,7.5,,6.6,,,,1
4.5,6.2,,5.4,,,,1
8.8,8.0,,8.4,,,,1
1.5,6.2,,3.9,,,,1
7.7,9.0,,8.4,,,,1
5.0,7.0,,6.0,,,,1
3.5,7.8,,5.7,,,,1
8.0,9.7,,8.9,,,,0
5.2,5.0,,5.1,,,,1
5.7,6.3,,6.0,,,,1
2.3,5.7,,4.0,,,,1
8.0,7.0,,7.5,,,,1
3.7,5.7,,4.7,,,,1
5.2,7.3,,6.3,,,,1
5.5,7.5,,6.5,,,,0
6.5,7.8,,7.2,,,,1
3.5,3.3,,3.4,,,,1
6.8,9.5,,8.2,,,,1
6.5,7.0,,6.8,,,,1
8.5,6.7,,7.6,,,,1
7.7,9.7,,8.7,,,,1
4.8,6.0,,5.4,,,,0
5.2,7.3,,6.3,,,,1
8.8,9.5,,9.2,,,,1
8.7,8.7,,8.7,,,,1
5.5,7.0,,6.3,,,,1
5.0,6.5,,5.8,,,,0
7.5,9.2,,8.4,,,,0
5.0,5.0,,5.0,,,,1
5.8,6.7,,6.3,,,,1
8.2,8.7,,8.5,,,,0
4.3,5.5,,4.9,,,,0
6.3,8.3,,7.3,,,,1
6.0,2.0,,4.0,,,,0
3.8,6.0,,4.9,,,,1
6.0,9.0,,7.5,,,,0
4.8,8.8,,6.8,,,,1
2.7,4.0,,3.4,,,,1
6.0,8.5,,7.3,,,,0
4.8,7.2,,6.0,,,,1
6.3,7.7,,7.0,,,,0
6.2,9.7,,8.0,,,,1
2.5,6.5,,4.5,,,,1
5.8,6.8,,6.3,,,,1
4.7,7.2,,6.0,,,,1
5.7,7.3,,6.5,,,,0
6.8,8.8,,7.8,,,,1
3.0,8.8,,5.9,,,,1
7.3,9.2,,8.3,,,,0
3.7,7.2,,5.5,,,,1
6.5,9.5,,8.0,,,,0
5.2,8.5,,6.9,,,,0
3.5,7.3,,5.4,,,,0
6.0,7.5,,6.8,,,,1
3.8,6.8,,5.3,,,,1
1.0,5.0,,3.0,,,,1
5.8,8.8,,7.3,,,,1
4.3,8.7,,6.5,,,,0
4.7,8.3,,6.5,,,,1
1.8,7.7,,4.8,,,,1
8.8,8.3,,8.6,,,,1
5.2,8.0,,6.6,,,,1
5.7,8.2,,7.0,,,,0
3.7,3.0,,3.4,,,,1
5.5,8.0,,6.8,,,,1
2.5,6.8,,4.7,,,,1
1.0,7.0,,4.0,,,,0
8.5,9.5,,9.0,,,,0
5.2,7.2,,6.2,,,,1
,,,,,,,1
5.0,8.7,,6.9,,,,0
3.0,4.0,,3.5,,,,1
6.8,8.7,,7.8,,,,0
6.3,8.2,,7.3,,,,0
8.3,9.8,,9.1,,,,1
5.2,6.3,,5.8,,,,1
5.0,8.0,,6.5,,,,0
5.5,8.0,,6.8,,,,0
4.5,7.8,,6.2,,,,1
6.0,8.0,,7.0,,,,1
8.2,8.5,,8.4,,,,1
7.8,10.0,,8.9,,,,1
4.8,9.5,,7.2,,,,0
3.8,9.2,,6.5,,,,1
9.8,8.7,,9.3,,,,0
4.8,8.3,,6.6,,,,1
7.7,8.0,,7.9,,,,1
9.7,10.0,,9.9,,,,1
7.2,9.3,,8.3,,,,1
5.8,8.8,,7.3,,,,1
7.0,9.3,,8.2,,,,1
4.0,7.7,,5.9,,,,1
5.7,9.0,,7.4,,,,1
6.8,8.0,,7.4,,,,0
5.3,9.0,,7.2,,,,1
6.0,7.0,,6.5,,,,0
9.0,9.5,,9.3,,,,1
6.3,4.3,,5.3,,,,0
8.5,6.0,,7.3,,,,0
7.7,9.0,,8.4,,,,1
5.5,6.2,,5.9,,,,1
4.8,7.8,,6.3,,,,0
10.0,10.0,,10.0,,,,0
5.7,7.2,,6.5,,,,0
5.3,6.8,,6.1,,,,0
7.5,8.0,,7.8,,,,0
4.3,9.0,,6.7,,,,1
6.8,8.8,,7.8,,,,1
6.2,7.5,,6.9,,,,1
5.5,9.7,,7.6,,,,0
7.3,8.8,,8.1,,,,1
6.7,7.5,,7.1,,,,0
3.0,7.3,,5.2,,,,1
3.0,5.7,,4.4,,,,1
3.2,3.3,,3.3,,,,1
2.3,4.5,,3.4,,,,1
3.3,6.7,,5.0,,,,0
5.8,8.2,,7.0,,,,0
3.2,7.3,,5.3,,,,1
8.3,7.5,8.8,8.2,,,,0
8.7,6.3,4.3,6.4,,,,0
6.0,6.3,3.5,5.3,,,,1
3.8,3.8,2.3,3.3,,,,1
6.3,7.7,6.5,6.8,,,,1
8.2,8.2,9.2,8.5,,,,1
7.0,8.2,8.8,8.0,,,,0
8.2,6.0,7.5,7.2,,,,0
7.7,7.7,8.0,7.8,,,,0
5.0,3.3,2.7,3.7,,,,1
5.7,4.8,5.2,5.2,,,,0
7.2,6.5,7.0,6.9,,,,0
6.5,6.7,8.3,7.2,,,,0
4.5,6.7,6.0,5.7,,,,1
5.0,7.5,7.5,6.7,,,,1
5.7,5.7,2.5,4.6,,,,1
6.7,5.2,3.3,5.1,,,,1
6.7,5.5,6.5,6.2,,,,0
5.7,5.3,6.2,5.7,,,,0
6.0,6.8,8.7,7.2,,,,1
7.0,6.5,6.5,6.7,,,,1
7.3,8.8,8.7,8.3,,,,0
4.3,4.5,1.3,3.4,,,,0
6.7,6.0,7.8,6.8,,,,1
5.5,4.8,4.8,5.0,,,,1
6.0,6.7,4.7,5.8,,,,0
5.3,4.8,2.8,4.3,,,,0
8.7,7.0,4.5,6.7,,,,0
7.7,5.7,7.8,7.1,,,,0
8.5,7.3,9.5,8.4,,,,0
6.7,7.8,7.0,7.2,,,,1
7.0,8.0,8.2,7.7,,,,1
6.3,7.8,5.7,6.6,,,,1
7.3,8.7,4.7,6.9,,,,0
5.8,5.2,6.0,5.7,,,,1
6.7,6.2,9.0,7.3,,,,0
6.3,5.3,5.3,5.6,,,,0
5.3,5.0,5.0,5.1,,,,0
6.2,5.3,3.2,4.9,,,,1
7.0,4.0,2.5,4.5,,,,1
7.7,8.8,8.3,8.3,,,,0
7.0,5.5,5.2,5.9,,,,0
6.7,8.2,9.0,8.0,,,,1
6.2,6.0,3.7,5.3,,,,0
5.0,7.2,7.8,6.7,,,,1
4.3,2.8,1.8,3.0,,,,1
6.0,4.3,2.2,4.2,,,,1
6.3,6.3,3.7,5.4,,,,0
6.0,5.7,2.8,4.8,,,,0
5.5,4.0,1.8,3.8,,,,1
6.3,4.0,3.3,4.5,,,,0
5.7,6.8,2.8,5.1,,,,0
5.3,5.3,1.2,3.9,,,,1
8.0,5.2,4.3,5.8,,,,0
5.0,5.8,4.7,5.2,,,,1
6.3,6.2,7.0,6.5,,,,0
6.3,7.2,8.3,7.3,,,,0
5.0,6.3,5.7,5.7,,,,1
5.0,3.7,1.2,3.3,,,,1
6.3,5.2,6.7,6.1,,,,0
5.7,5.8,3.0,4.8,,,,0
5.3,5.0,2.7,4.3,,,,1
4.2,5.0,1.3,3.5,,,,0
5.2,1.5,2.5,3.1,,,,0
6.2,4.7,2.8,4.6,,,,1
4.8,2.7,0.7,2.7,,,,0
7.3,6.5,5.2,6.3,,,,0
6.7,5.3,6.0,6.0,,,,0
7.0,6.5,2.7,5.4,,,,1
6.3,4.3,1.3,4.0,,,,0
7.7,4.5,4.2,5.5,,,,1
4.8,3.7,0.5,3.0,,,,1
8.3,8.2,9.0,8.5,,,,0
6.7,6.5,4.3,5.8,,,,0
4.5,5.3,3.8,4.5,,,,1
6.0,6.0,3.7,5.2,,,,1
4.8,3.0,2.3,3.4,,,,1
7.3,5.5,5.2,6.0,,,,0
6.0,4.3,4.5,4.9,,,,1
4.8,3.8,1.2,3.3,,,,1
5.0,4.5,2.7,4.1,,,,0
4.3,4.7,4.3,4.4,,,,0
5.0,4.8,4.8,4.9,,,,1
5.7,6.7,7.3,6.6,,,,0
5.8,5.2,7.7,6.2,,,,0
4.8,4.7,2.8,4.1,,,,1
6.0,7.0,6.5,6.5,,,,0
2.8,4.0,4.3,3.7,,,,0
7.0,6.7,8.0,7.2,,,,1
5.3,6.8,3.0,5.0,,,,1
6.3,4.0,4.8,5.0,,,,0
7.0,7.0,8.8,7.6,,,,0
6.7,8.3,8.3,7.8,,,,0
5.2,4.8,5.7,5.2,,,,1
6.7,8.3,9.3,8.1,,,,0
7.0,7.3,8.5,7.6,,,,0
8.0,6.2,7.8,7.3,,,,0
7.3,7.2,7.3,7.3,,,,1
6.7,7.3,8.5,7.5,,,,0
4.7,5.2,5.0,5.0,,,,1
7.3,5.5,6.5,6.4,,,,1
7.0,7.5,0.0,4.8,,,,0
7.0,6.0,9.0,7.3,,,,0
5.0,6.3,4.2,5.2,,,,1
5.7,5.2,4.5,5.1,,,,1
5.7,5.8,4.3,5.3,,,,0
5.3,2.8,6.2,4.8,,,,1
6.0,3.7,1.8,3.8,,,,1
5.0,6.7,7.5,6.4,,,,0
9.3,5.8,4.5,6.5,,,,0
5.0,4.2,4.8,4.7,,,,0
9.3,4.7,7.7,7.2,,,,0
5.7,6.8,6.3,6.3,,,,1
4.7,4.0,4.0,4.2,,,,0
5.0,2.0,3.5,3.5,,,,0
4.3,6.2,3.8,4.8,,,,1
7.0,3.7,6.3,5.7,,,,1
6.7,8.5,9.0,8.1,,,,0
6.3,7.3,5.2,6.3,,,,1
6.8,4.8,8.8,6.8,,,,1
8.3,9.2,7.5,8.3,,,,0
7.3,7.0,4.2,6.2,,,,0
7.0,8.7,7.0,7.6,,,,1
4.2,1.2,2.5,2.6,,,,1
4.7,5.8,3.7,4.7,,,,0
6.3,8.7,6.5,7.2,,,,1
6.8,7.3,4.8,6.3,,,,1
4.3,4.8,2.2,3.8,,,,1
6.0,6.8,4.8,5.9,,,,1
7.3,9.0,9.7,8.7,,,,1
5.5,7.7,7.7,7.0,,,,0
4.0,2.8,1.3,2.7,,,,1
7.3,7.3,9.3,8.0,,,,0
6.3,5.8,5.5,5.9,,,,0
6.0,6.3,7.3,6.5,,,,0
6.0,5.7,8.3,6.7,,,,1
8.3,7.3,8.5,8.0,,,,0
8.3,6.5,5.5,6.8,,,,0
6.3,6.2,5.5,6.0,,,,0
7.0,6.0,5.7,6.2,,,,0
7.7,8.0,5.7,7.1,,,,0
7.0,7.3,7.2,7.2,,,,0
8.0,8.2,7.3,7.8,,,,0
6.8,7.0,7.0,6.9,,,,0
6.3,6.5,6.7,6.5,,,,0
8.7,7.0,7.8,7.8,,,,0
7.0,5.0,6.0,6.0,,,,0
6.7,5.3,4.8,5.6,,,,1
6.5,7.2,6.8,6.8,,,,1
6.0,5.8,7.8,6.5,,,,1
7.3,6.3,7.8,7.1,,,,0
4.3,4.2,4.5,4.3,,,,1
6.3,6.3,6.2,6.3,,,,1
4.7,8.0,8.5,7.1,,,,0
8.0,7.8,8.7,8.2,,,,0
7.0,6.7,8.0,7.2,,,,0
5.7,6.7,8.3,6.9,,,,0
6.3,4.5,6.3,5.7,,,,1
5.7,3.5,5.0,4.7,,,,1
6.7,3.7,4.5,5.0,,,,1
5.7,7.0,7.5,6.7,,,,1
6.3,5.8,6.3,6.1,,,,0
6.3,4.8,6.7,5.9,,,,1
6.0,4.8,5.3,5.4,,,,1
5.7,4.3,4.5,4.8,,,,0
5.3,2.0,5.2,4.2,,,,1
7.0,5.5,7.3,6.6,,,,1
6.0,4.0,6.0,5.3,,,,1
7.7,7.0,5.5,6.7,,,,1
5.0,6.0,2.5,4.5,,,,1
7.0,3.3,4.2,4.8,,,,0
8.0,5.5,8.5,7.3,,,,1
9.3,7.0,6.2,7.5,,,,1
9.3,7.3,7.2,7.9,,,,0
4.0,3.7,5.2,4.3,,,,1
7.0,8.0,6.8,7.3,,,,0
9.3,7.8,7.3,8.1,,,,1
7.7,7.0,5.8,6.8,,,,0
6.0,5.3,2.3,4.5,,,,1
6.0,7.2,7.7,7.0,,,,1
6.7,6.3,9.5,7.5,,,,0
5.0,3.3,3.0,3.8,,,,1
6.7,5.2,4.5,5.5,,,,1
6.7,5.0,2.0,4.6,,,,1
4.7,5.0,6.2,5.3,,,,0
5.3,6.0,7.2,6.2,,,,1
6.5,7.5,5.2,6.4,,,,1
7.3,6.8,6.8,7.0,,,,0
5.7,5.7,6.2,5.9,,,,1
2.7,4.0,1.3,2.7,,,,1
6.3,5.7,6.2,6.1,,,,1
7.3,7.2,8.7,7.7,,,,1
8.0,7.3,7.0,7.4,,,,0
4.0,2.8,5.0,3.9,,,,0
3.0,4.2,5.5,4.2,,,,0
4.7,6.5,4.5,5.2,,,,0
3.7,5.0,5.3,4.7,,,,1
2.3,2.5,6.2,3.7,,,,0
4.7,6.0,6.8,5.8,,,,1
3.7,7.3,4.3,5.1,,,,1
3.7,3.5,5.0,4.1,,,,0
4.7,5.2,4.7,4.9,,,,0
4.0,5.0,4.5,4.5,,,,1
7.7,6.2,5.8,6.6,,,,0
4.3,7.0,6.3,5.9,,,,1
5.0,7.2,6.2,6.1,,,,0
6.3,5.7,5.0,5.7,,,,0
5.0,5.0,4.7,4.9,,,,1
7.0,7.7,7.8,7.5,,,,0
5.7,6.0,4.7,5.5,,,,0
5.7,6.0,4.8,5.5,,,,1
6.0,5.3,5.5,5.6,,,,0
8.0,6.5,6.7,7.1,,,,0
4.7,4.5,2.8,4.0,,,,1
9.0,8.5,9.3,8.9,,,,0
6.3,7.7,5.5,6.5,,,,0
3.7,4.7,8.0,5.5,,,,0
4.0,6.0,4.0,4.7,,,,1
6.0,4.2,8.0,6.1,,,,0
3.0,2.3,6.5,3.9,,,,1
5.7,5.8,10.0,7.2,,,,0
6.0,5.8,6.7,6.2,,,,0
4.3,4.7,7.3,5.4,,,,1
5.0,6.0,7.8,6.3,,,,1
4.0,5.5,6.3,5.3,,,,0
5.0,5.5,5.3,5.3,,,,1
2.3,5.0,6.8,4.7,,,,1
7.3,6.3,7.7,7.1,,,,0
6.3,4.2,6.7,5.7,,,,1
5.0,5.7,7.3,6.0,,,,1
6.7,6.8,8.3,7.3,,,,0
5.0,5.3,6.7,5.7,,,,1
2.8,3.0,7.3,4.4,,,,1
3.3,5.8,8.2,5.8,,,,1
8.3,6.2,8.0,7.5,,,,0
6.3,4.0,6.7,5.7,,,,1
9.2,5.0,5.2,6.5,,,,0
6.0,5.2,6.7,6.0,,,,0
7.3,6.5,8.3,7.4,,,,1
3.7,3.8,5.2,4.2,,,,1
8.0,6.2,8.3,7.5,,,,0
7.7,4.8,6.7,6.4,,,,0
5.3,7.2,9.3,7.3,,,,1
2.7,3.2,2.8,2.9,,,,1
7.3,3.7,9.0,6.7,,,,1
4.7,6.3,8.2,6.4,,,,0
4.0,4.5,8.3,5.6,,,,1
7.8,5.8,10.0,7.9,,,,1
6.8,5.0,6.7,6.2,,,,1
3.0,3.5,6.3,4.3,,,,1
6.0,5.2,9.7,7.0,,,,0
4.3,2.3,5.5,4.0,,,,0
6.8,7.0,10.0,7.9,,,,1
5.8,3.8,7.5,5.7,,,,1
8.3,6.5,8.5,7.8,,,,0
0.0,3.0,3.5,2.2,,,,1
6.3,6.5,6.7,6.5,,,,0
5.0,4.3,6.7,5.3,,,,1
3.7,1.8,2.3,2.6,,,,1
7.3,4.5,6.2,6.0,,,,1
3.3,2.5,7.3,4.4,,,,0
4.5,3.3,2.0,3.3,,,,1
6.7,6.8,9.5,7.7,,,,0
8.3,7.2,8.3,7.9,,,,1
4.3,3.0,6.7,4.7,,,,0
6.7,5.8,9.2,7.2,,,,1
5.3,2.8,5.2,4.4,,,,1
7.7,4.8,9.0,7.2,,,,1
8.7,4.7,5.5,6.3,,,,0
4.7,2.3,5.8,4.3,,,,1
4.5,4.8,6.2,5.2,,,,1
3.3,3.8,8.0,5.0,,,,1
5.0,3.7,9.7,6.1,,,,1
5.2,3.7,6.2,5.0,,,,1
9.0,6.2,9.2,8.1,,,,1
7.0,7.2,10.0,8.1,,,,0
5.0,5.0,4.5,4.8,,,,1
6.0,5.3,8.0,6.4,,,,0
4.7,3.7,8.3,5.6,,,,1
6.0,6.8,7.5,6.8,,,,0
5.0,4.0,7.5,5.5,,,,0
5.0,4.8,8.8,6.2,,,,0
7.7,5.7,8.8,7.4,,,,1
6.0,5.7,6.3,6.0,,,,0
7.0,4.5,6.0,5.8,,,,0
6.0,4.2,7.3,5.8,,,,1
5.0,2.0,7.0,4.7,,,,1
7.3,6.2,8.3,7.3,,,,0
6.3,4.5,7.8,6.2,,,,1
0.0,3.5,9.0,4.2,,,,1
6.7,4.8,6.5,6.0,,,,1
6.2,5.7,5.8,5.9,,,,1
8.0,5.0,9.3,7.4,,,,0
7.3,5.5,7.0,6.6,,,,1
7.3,6.5,9.2,7.7,,,,1
4.0,5.0,6.0,5.0,,,,1
8.7,6.5,6.0,7.1,,,,1
7.3,5.8,7.5,6.9,,,,1
5.0,2.7,4.7,4.1,,,,0
7.8,6.3,9.7,7.9,,,,0
7.8,5.5,10.0,7.8,,,,0
7.8,6.8,7.0,7.2,,,,1
7.8,6.5,10.0,8.1,,,,0
7.7,6.8,7.2,7.2,,,,1
8.7,5.3,9.7,7.9,,,,1
8.5,4.8,6.8,6.7,,,,1
6.0,7.7,9.0,7.6,,,,1
6.7,4.3,7.5,6.2,,,,0
9.3,7.3,9.5,8.7,,,,1
7.0,6.0,7.2,6.7,,,,1
8.3,5.7,9.0,7.7,,,,0
7.0,8.2,9.7,8.3,,,,1
8.2,5.7,5.0,6.3,,,,1
9.5,5.0,7.7,7.4,,,,1
7.0,4.0,6.7,5.9,,,,1
8.7,4.8,6.7,6.7,,,,1
6.8,4.8,7.7,6.4,,,,1
6.7,3.5,5.7,5.3,,,,1
7.2,5.5,6.3,6.3,,,,0
8.8,5.3,6.3,6.8,,,,1
6.8,5.8,5.5,6.0,,,,1
4.7,4.0,4.8,4.5,,,,1
9.5,8.7,9.7,9.3,,,,0
6.3,2.3,6.7,5.1,,,,1
8.2,8.0,10.0,8.7,,,,1
7.0,5.8,8.0,6.9,,,,0
5.0,6.5,9.0,6.8,,,,1
9.0,5.8,9.0,7.9,,,,0
7.7,7.0,8.8,7.8,,,,1
9.3,6.8,6.3,7.5,,,,0
9.5,8.3,9.3,9.0,,,,0
8.2,8.8,6.0,7.7,,,,0
8.2,6.3,9.5,8.0,,,,1
8.3,7.8,7.2,7.8,,,,0
,,,,,,,1
,,,,,,,0
,,,,,,,1
,,,,,,,0
,,,,,,,0
,,,,,,,0
,,,,,,,0
,,,,,,,0
,,,,,,,0
,,,,,,,0
,,,,,,,0
,,,,,,,0
,,,,,,,0
,,,,,,,0
,,,,,,,0
,,,,,,,0
,,,,,,,0
,,,,,,,0
,,,,,,,0
,,,,,,,0
,,,,,,,0
,,,,,,,0
,,,,,,,0
,,,,,,,0
,,,,,,,0
,,,,,,,0
,,,,,,,0
,,,,,,,0
,,,,,,,0
,,,,,,,0
,,,,,,,0
,,,,,,,0
,,,,,,,0
,,,,,,,0
,,,,,,,0
,,,,,,,0
,,,,,,,0
,,,,,,,0
,,,,,,,0
,,,,,,,0
,,,,,,,0
,,,,,,,0
,,,,,,,0
,,,,,,,0
,,,,,,,0
,,,,,,,0
,,,,,,,0
,,,,,,,0
,,,,,,,0
,,,,,,,0
,,,,,,,0
,,,,,,,0
,,,,,,,0
,,,,,,,0
,,,,,,,0
,,,,,,,0
,,,,,,,0
,,,,,,,0
,,,,,,,0
,,,,,,,0
,,,,,,,0
,,,,,,,0
,,,,,,,0
,,,,,,,0
,,,,,,,0
,,,,,,,0
,,,,,,,0
,,,,,,,0
,,,,,,,0
,,,,,,,0
,,,,,,,0
,,,,,,,0
,,,,,,,0
,,,,,,,0
,,,,,,,0
,,,,,,,0
10.0,6.0,,8.0,,,,0
10.0,6.0,,8.0,,,,0
10.0,6.0,,8.0,,,,0
8.0,6.0,,7.0,,,,1
8.0,7.0,,7.5,,,,1
9.0,7.5,,8.25,,,,1
10.0,10.0,,10.0,,,,1
10.0,5.0,,7.5,,,,1
10.0,7.0,,8.5,,,,1
10.0,8.5,,9.25,,,,1
10.0,9.0,,9.5,,,,1
10.0,7.5,,8.75,,,,1
10.0,8.5,,9.25,,,,1
10.0,9.5,,9.75,,,,1
10.0,7.0,,8.5,,,,1
10.0,8.0,,9.0,,,,1
10.0,7.5,,8.75,,,,1
10.0,10.0,,10.0,,,,0
10.0,9.5,,9.75,,,,1
8.0,8.0,,8.0,,,,0
8.0,6.0,,7.0,,,,0
8.0,7.5,,7.75,,,,1
10.0,10.0,,10.0,,,,0
9.0,6.5,,7.75,,,,1
10.0,7.5,,8.75,,,,1
10.0,6.5,,8.25,,,,1
10.0,7.0,,8.5,,,,1
10.0,6.5,,8.25,,,,1
8.5,8.5,,8.5,,,,1
9.0,8.0,,8.5,,,,1
9.0,6.5,,7.75,,,,1
10.0,5.0,,7.5,,,,1
8.0,7.5,,7.75,,,,1
7.0,8.0,,7.5,,,,0
7.5,5.5,,6.5,,,,1
10.0,1.0,,5.5,,,,1
10.0,8.5,,9.25,,,,1
6.5,4.0,,5.25,,,,1
7.5,5.5,,6.5,,,,1
9.0,8.5,,8.75,,,,1
7.0,6.5,,6.75,,,,0
7.0,6.0,,6.5,,,,1
6.0,6.0,,6.0,,,,1
10.0,8.0,,9.0,,,,1
10.0,4.0,,7.0,,,,1
4.0,4.0,,4.0,,,,0
10.0,10.0,,10.0,,,,0
6.0,6.0,,6.0,,,,1
2.0,7.5,,4.75,,,,1
10.0,9.5,,9.75,,,,1
10.0,8.5,,9.25,,,,1
7.0,7.5,,7.25,,,,1
7.0,7.5,,7.25,,,,1
1.0,4.5,,2.75,,,,1
9.0,7.5,,8.25,,,,1
7.0,4.0,,5.5,,,,0
8.0,4.0,,6.0,,,,1
8.0,7.0,,7.5,,,,0
10.0,10.0,,10.0,,,,0
0.0,0.0,,0.0,,,,0
8.0,5.0,,6.5,,,,1
4.0,8.5,,6.25,,,,0
8.0,10.0,,9.0,,,,0
10.0,8.0,,9.0,,,,0
5.0,7.0,,6.0,,,,1
9.0,6.5,,7.75,,,,1
10.0,10.0,,10.0,,,,1
5.5,6.5,,6.0,,,,1
3.0,6.5,,4.75,,,,1
3.5,2.0,,2.75,,,,1
7.5,6.5,,7.0,,,,1
3.0,6.5,,4.75,,,,1
6.5,7.5,,7.0,,,,1
6.5,4.0,,5.25,,,,1
4.0,6.0,,5.0,,,,1
10.0,6.5,,8.25,,,,1
7.5,7.5,,7.5,,,,1
5.0,5.0,,5.0,,,,1
10.0,7.0,,8.5,,,,1
10.0,6.5,,8.25,,,,1
2.0,4.0,,3.0,,,,1
10.0,7.5,,8.75,,,,1
9.0,7.5,,8.25,,,,1
10.0,6.5,,8.25,,,,1
6.0,6.0,,6.0,,,,1
10.0,7.5,,8.75,,,,0
8.5,6.5,,7.5,,,,0
10.0,4.0,,7.0,,,,1
10.0,7.0,,8.5,,,,1
8.0,9.0,,8.5,,,,1
10.0,10.0,,10.0,,,,0
0.0,9.0,,4.5,,,,0
10.0,5.0,,7.5,,,,0
10.0,10.0,,10.0,,,,1
10.0,3.0,,6.5,,,,0
10.0,9.0,,9.5,,,,0
8.0,6.5,,7.25,,,,0
10.0,8.0,,9.0,,,,1
10.0,6.5,,8.25,,,,1
6.0,6.5,,6.25,,,,1
10.0,8.5,,9.25,,,,1
10.0,7.0,,8.5,,,,1
10.0,8.0,,9.0,,,,1
10.0,7.5,,8.75,,,,1
10.0,1.0,,5.5,,,,1
10.0,7.5,,8.75,,,,1
8.0,2.0,,5.0,,,,1
10.0,5.5,,7.75,,,,1
10.0,9.0,,9.5,,,,1
6.0,6.0,,6.0,,,,1
2.0,4.0,,3.0,,,,1
10.0,7.5,,8.75,,,,1
10.0,10.0,,10.0,,,,0
10.0,10.0,,10.0,,,,1
4.0,5.0,,4.5,,,,1
10.0,8.0,,9.0,,,,1
10.0,9.5,,9.75,,,,0
10.0,10.0,,10.0,,,,0
10.0,7.5,,8.75,,,,1
3.0,6.0,,4.5,,,,1
6.0,6.5,,6.25,,,,1
6.5,6.5,,6.5,,,,1
5.0,6.0,,5.5,,,,0
5.0,5.0,,5.0,,,,1
6.0,7.0,,6.5,,,,1
7.5,6.5,,7.0,,,,1
5.0,3.0,,4.0,,,,1
10.0,8.5,,9.25,,,,1
2.0,5.5,,3.75,,,,1
10.0,7.5,,8.75,,,,1
7.0,6.5,,6.75,,,,1
8.0,8.0,,8.0,,,,1
10.0,4.5,,7.25,,,,1
10.0,8.0,,9.0,,,,1
10.0,7.0,,8.5,,,,1
10.0,7.0,,8.5,,,,1
8.0,7.0,,7.5,,,,1
10.0,7.0,,8.5,,,,1
10.0,7.5,,8.75,,,,1
10.0,9.0,,9.5,,,,1
8.0,9.0,,8.5,,,,1
3.5,2.5,,3.0,,,,1
6.5,5.5,,6.0,,,,1
9.5,7.0,,8.25,,,,1
8.0,6.0,,7.0,,,,1
8.5,5.0,,6.75,,,,1
8.0,5.5,,6.75,,,,1
2.0,2.5,,2.25,,,,1
6.5,1.0,,3.75,,,,1
5.5,5.5,,5.5,,,,0
9.5,8.5,,9.0,,,,1
8.0,5.5,,6.75,,,,1
9.0,5.5,,7.25,,,,1
4.0,4.0,,4.0,,,,0
4.0,8.0,,6.0,,,,0
0.0,10.0,,5.0,,,,0
10.0,10.0,,10.0,,,,0
8.0,8.0,,8.0,,,,1
8.0,9.0,,8.5,,,,0
5.0,9.0,,7.0,,,,1
6.5,6.5,,6.5,,,,0
6.0,6.0,,6.0,,,,1
9.5,8.0,,8.75,,,,1
5.5,7.5,,6.5,,,,1
6.5,6.5,,6.5,,,,1
6.0,7.0,,6.5,,,,1
9.0,8.5,,8.75,,,,0
10.0,9.0,,9.5,,,,0
8.0,8.0,,8.0,,,,0
6.0,7.0,,6.5,,,,1
10.0,8.0,,9.0,,,,1
3.0,6.0,,4.5,,,,1
3.0,6.5,,4.75,,,,0
6.0,7.5,,6.75,,,,1
5.0,5.5,,5.25,,,,1
10.0,6.5,,8.25,,,,1
10.0,9.5,,9.75,,,,1
10.0,6.5,,8.25,,,,1
5.0,6.0,,5.5,,,,0
7.5,6.0,,6.75,,,,1
8.5,6.0,,7.25,,,,1
10.0,6.0,,8.0,,,,0
4.0,6.0,,5.0,,,,1
10.0,9.0,,9.5,,,,0
8.0,7.0,,7.5,,,,1
10.0,7.0,,8.5,,,,0
5.0,5.0,,5.0,,,,1
9.0,7.0,,8.0,,,,1
8.5,6.0,,7.25,,,,1
9.0,7.0,,8.0,,,,1
4.0,6.0,,5.0,,,,1
10.0,10.0,,10.0,,,,0
8.0,8.5,,8.25,,,,0
10.0,10.0,,10.0,,,,0
0.0,0.0,,0.0,,,,1
10.0,0.0,,5.0,,,,0
9.5,6.5,,8.0,,,,1
5.5,6.0,,5.75,,,,1
7.0,6.0,,6.5,,,,1
8.5,8.0,,8.25,,,,1
7.5,8.0,,7.75,,,,0
6.0,7.0,,6.5,,,,1
10.0,8.0,,9.0,,,,1
9.5,8.0,,8.75,,,,0
8.0,9.0,,8.5,,,,1
10.0,8.0,,9.0,,,,0
9.0,7.0,,8.0,,,,1
5.5,7.5,,6.5,,,,1
7.0,7.0,,7.0,,,,1
7.0,6.0,,6.5,,,,1
8.0,8.0,,8.0,,,,1
6.0,8.5,,7.25,,,,0
6.0,6.0,,6.0,,,,1
7.0,6.5,,6.75,,,,1
9.0,6.0,,7.5,,,,1
0.5,7.0,,3.75,,,,1
8.0,8.5,,8.25,,,,0
6.0,7.5,,6.75,,,,1
10.0,8.5,,9.25,,,,0
10.0,10.0,,10.0,,,,1
8.0,9.0,,8.5,,,,0
6.0,4.0,,5.0,,,,0
6.5,8.0,,7.25,,,,0
5.0,7.0,,6.0,,,,1
6.0,9.0,,7.5,,,,1
7.5,8.0,,7.75,,,,0
2.5,6.0,,4.25,,,,0
5.5,7.0,,6.25,,,,1
10.0,7.5,,8.75,,,,0
8.0,9.5,,8.75,,,,1
9.0,7.0,,8.0,,,,1
9.0,10.0,,9.5,,,,1
10.0,10.0,,10.0,,,,1
6.5,6.5,,6.5,,,,0
8.0,8.0,,8.0,,,,0
6.5,7.5,,7.0,,,,1
5.0,0.0,,2.5,,,,1
6.5,7.5,,7.0,,,,1
6.0,9.5,,7.75,,,,1
7.0,7.5,,7.25,,,,0
7.5,10.0,,8.75,,,,1
6.0,9.0,,7.5,,,,0
5.0,6.0,,5.5,,,,0
0.0,2.0,,1.0,,,,1
8.0,9.5,,8.75,,,,0
5.5,9.5,,7.5,,,,1
5.5,6.0,,5.75,,,,1
5.5,8.0,,6.75,,,,1
7.5,7.0,,7.25,,,,1
6.5,6.0,,6.25,,,,1
6.0,9.5,,7.75,,,,1
5.5,0.0,,2.75,,,,1
10.0,9.5,,9.75,,,,0
7.5,5.0,,6.25,,,,1
7.5,7.0,,7.25,,,,1
10.0,7.0,,8.5,,,,0
0.0,4.0,,2.0,,,,1
6.5,6.0,,6.25,,,,0
7.0,7.0,,7.0,,,,0
6.5,7.0,,6.75,,,,1
6.0,9.0,,7.5,,,,1
5.0,5.5,,5.25,,,,1
6.5,9.0,,7.75,,,,1
5.0,4.0,,4.5,,,,1
8.0,8.0,,8.0,,,,0
8.0,9.0,,8.5,,,,0
10.0,7.0,,8.5,,,,0
10.0,8.0,,9.0,,,,1
9.0,6.0,,7.5,,,,0
7.0,9.0,,8.0,,,,0
7.0,7.0,,7.0,,,,1
8.5,8.0,,8.25,,,,1
7.0,6.0,,6.5,,,,0
0.0,0.0,,0.0,,,,1
8.5,8.0,,8.25,,,,1
7.5,7.0,,7.25,,,,1
6.0,9.0,,7.5,,,,0
6.0,7.0,,6.5,,,,1
2.0,5.0,,3.5,,,,1
7.5,6.0,,6.75,,,,1
8.0,8.0,,8.0,,,,1
3.5,4.0,,3.75,,,,1
5.0,4.0,,4.5,,,,1
6.0,6.0,,6.0,,,,1
8.0,7.0,,7.5,,,,1
0.0,9.5,,4.75,,,,1
4.0,7.5,,5.75,,,,1
9.0,9.5,,9.25,,,,1
5.5,0.0,,2.75,,,,1
7.5,7.0,,7.25,,,,1
6.0,8.0,,7.0,,,,1
5.5,0.0,,2.75,,,,1
5.5,6.0,,5.75,,,,1
4.0,5.0,,4.5,,,,1
6.5,9.5,,8.0,,,,1
8.5,8.0,,8.25,,,,1
5.0,8.0,,6.5,,,,1
4.0,7.0,,5.5,,,,1
4.5,0.0,,2.25,,,,1
8.5,9.0,,8.75,,,,0
7.5,8.0,,7.75,,,,1
6.0,6.0,,6.0,,,,1
7.5,0.0,,3.75,,,,0
0.0,0.0,,0.0,,,,1
9.0,8.0,,8.5,,,,1
9.5,8.0,,8.75,,,,1
6.5,5.0,,5.75,,,,1
6.5,9.0,,7.75,,,,1
6.5,7.0,,6.75,,,,1
7.5,8.0,,7.75,,,,1
6.5,7.5,,7.0,,,,1
6.0,0.0,,3.0,,,,0
6.0,0.0,,3.0,,,,1
6.5,6.0,,6.25,,,,1
5.5,8.0,,6.75,,,,1
5.5,5.0,,5.25,,,,0
8.5,8.0,,8.25,,,,1
7.0,9.0,,8.0,,,,1
6.5,7.0,,6.75,,,,1
6.0,6.0,,6.0,,,,1
8.0,8.0,,8.0,,,,1
6.5,8.0,,7.25,,,,1
8.5,7.0,,7.75,,,,1
6.0,6.5,,6.25,,,,1
8.5,8.0,,8.25,,,,1
7.0,9.0,,8.0,,,,0
7.5,8.0,,7.75,,,,0
10.0,9.0,,9.5,,,,1
8.0,8.0,,8.0,,,,1
10.0,9.0,,9.5,,,,1
8.0,9.5,,8.75,,,,1
10.0,8.0,,9.0,,,,1
10.0,10.0,,10.0,,,,0
6.0,5.0,,5.5,,,,1
7.5,7.5,,7.5,,,,0
10.0,9.5,,9.75,,,,1
8.0,8.0,,8.0,,,,1
8.0,8.0,,8.0,,,,1
6.0,8.0,,7.0,,,,1
9.0,8.0,,8.5,,,,1
9.0,0.0,,4.5,,,,1
9.0,8.0,,8.5,,,,0
8.5,6.0,,7.25,,,,1
6.5,7.0,,6.75,,,,1
8.0,4.0,,6.0,,,,1
6.5,0.0,,3.25,,,,1
8.0,9.0,,8.5,,,,0
6.0,4.0,,5.0,,,,1
8.0,9.0,,8.5,,,,0
6.5,9.0,,7.75,,,,0
6.5,0.0,,3.25,,,,1
7.5,8.0,,7.75,,,,0
6.5,4.0,,5.25,,,,1
6.5,9.0,,7.75,,,,1
6.5,8.0,,7.25,,,,1
0.0,0.0,,0.0,,,,0
6.0,5.0,,5.5,,,,1
6.5,4.0,,5.25,,,,1
6.5,6.0,,6.25,,,,0
6.5,10.0,,8.25,,,,0
6.0,6.0,,6.0,,,,1
4.5,0.0,,2.25,,,,1
8.0,7.0,,7.5,,,,0
7.5,9.5,,8.5,,,,0
8.0,10.0,,9.0,,,,1
8.0,7.0,,7.5,,,,0
6.5,9.0,,7.75,,,,1
7.0,5.0,,6.0,,,,1
6.5,7.0,,6.75,,,,1
6.0,8.0,,7.0,,,,0
7.5,10.0,,8.75,,,,0
5.0,10.0,,7.5,,,,0
6.0,6.0,,6.0,,,,0
7.5,7.0,,7.25,,,,1
6.5,7.0,,6.75,,,,1
7.0,9.0,,8.0,,,,1
0.0,7.0,,3.5,,,,0
7.5,6.5,,7.0,,,,0
6.0,6.0,,6.0,,,,1
3.5,6.0,,4.75,,,,1
8.5,7.0,,7.75,,,,1
7.0,5.5,,6.25,,,,0
4.5,4.0,,4.25,,,,0
5.0,7.0,,6.0,,,,1
6.5,6.0,,6.25,,,,0
2.0,5.5,,3.75,,,,1
2.5,3.5,,3.0,,,,1
3.0,6.0,,4.5,,,,0
7.0,8.5,,7.75,,,,0
4.5,8.5,,6.5,,,,1
7.5,8.0,,7.75,,,,0
,3.5,,3.5,,,,1
2.5,6.0,,4.25,,,,1
5.5,10.0,,7.75,,,,0
2.0,6.0,,4.0,,,,0
2.0,8.5,,5.25,,,,1
0.0,2.0,,1.0,,,,1
2.5,3.0,,2.75,,,,1
6.0,9.0,,7.5,,,,0
5.0,5.5,,5.25,,,,0
0.5,6.0,,3.25,,,,1
7.5,7.5,,7.5,,,,0
1.5,9.0,,5.25,,,,1
6.0,4.5,,5.25,,,,0
9.0,10.0,,9.5,,,,0
5.0,9.5,,7.25,,,,0
2.5,7.5,,5.0,,,,0
2.0,5.5,,3.75,,,,1
2.5,4.0,,3.25,,,,0
2.5,7.5,,5.0,,,,0
2.0,7.5,,4.75,,,,0
3.0,3.0,,3.0,,,,0
0.5,5.0,,2.75,,,,1
6.0,7.0,,6.5,,,,1
10.0,10.0,,10.0,,,,0
4.0,8.5,,6.25,,,,1
6.5,8.0,,7.25,,,,0
10.0,6.0,,8.0,,,,0
5.0,6.5,,5.75,,,,1
9.5,8.5,,9.0,,,,0
8.5,9.0,,8.75,,,,0
7.0,8.0,,7.5,,,,0
6.0,10.0,,8.0,,,,0
9.0,9.5,,9.25,,,,0
4.5,9.5,,7.0,,,,0
6.5,5.5,,6.0,,,,0
6.0,3.5,,4.75,,,,1
5.0,5.0,,5.0,,,,1
8.0,7.0,,7.5,,,,1
8.0,5.5,,6.75,,,,1
9.0,8.5,,8.75,,,,0
6.0,7.5,,6.75,,,,0
5.0,6.5,,5.75,,,,1
5.0,5.5,,5.25,,,,1
0.0,5.0,,2.5,,,,1
3.0,3.5,,3.25,,,,0
7.0,6.0,,6.5,,,,1
7.0,7.0,,7.0,,,,0
6.0,6.5,,6.25,,,,1
9.0,7.5,,8.25,,,,0
6.0,4.5,,5.25,,,,1
8.0,8.0,,8.0,,,,1
7.0,6.5,,6.75,,,,1
6.0,8.5,,7.25,,,,0
6.0,7.5,,6.75,,,,1
6.0,7.5,,6.75,,,,0
8.0,0.0,,4.0,,,,1
9.0,9.5,,9.25,,,,0
7.0,8.0,,7.5,,,,0
7.0,7.0,,7.0,,,,0
9.0,9.5,,9.25,,,,0
7.0,9.0,,8.0,,,,1
10.0,8.5,,9.25,,,,1
8.0,9.5,,8.75,,,,1
4.0,2.5,,3.25,,,,1
10.0,9.0,,9.5,,,,0
9.0,8.0,,8.5,,,,0
6.0,6.5,,6.25,,,,0
2.0,3.5,,2.75,,,,0
10.0,7.0,,8.5,,,,0
7.0,3.0,,5.0,,,,0
8.0,6.5,,7.25,,,,1
8.0,9.0,,8.5,,,,0
9.0,10.0,,9.5,,,,0
8.0,8.5,,8.25,,,,1
8.0,8.0,,8.0,,,,0
7.0,5.5,,6.25,,,,0
8.0,9.0,,8.5,,,,0
6.0,8.5,,7.25,,,,0
5.0,5.0,,5.0,,,,0
4.0,3.5,,3.75,,,,1
5.0,9.0,,7.0,,,,0
6.0,9.0,,7.5,,,,1
4.0,4.5,,4.25,,,,0
6.0,10.0,,8.0,,,,0
4.0,4.5,,4.25,,,,0
,5.5,,5.5,,,,1
7.0,9.5,,8.25,,,,1
7.0,7.0,,7.0,,,,0
4.0,5.5,,4.75,,,,1
0.0,0.0,,0.0,,,,1
6.0,7.0,,6.5,,,,0
5.0,9.0,,7.0,,,,1
5.0,5.0,,5.0,,,,1
6.0,5.5,,5.75,,,,0
5.0,7.0,,6.0,,,,0
8.0,0.0,,4.0,,,,0
7.0,9.5,,8.25,,,,1
7.0,0.0,,3.5,,,,0
5.0,5.0,,5.0,,,,1
8.0,7.0,,7.5,,,,0
6.0,7.0,,6.5,,,,1
8.0,7.5,,7.75,,,,1
6.0,7.0,,6.5,,,,0
7.0,7.5,,7.25,,,,0
6.0,5.5,,5.75,,,,0
6.0,10.0,,8.0,,,,0
9.0,8.5,,8.75,,,,0
8.0,9.5,,8.75,,,,0
7.5,7.5,,7.5,,,,0
9.5,10.0,,9.75,,,,0
3.5,3.0,,3.25,,,,0
8.0,6.5,,7.25,,,,0
3.5,4.5,,4.0,,,,1
3.0,6.5,,4.75,,,,1
6.5,6.0,,6.25,,,,0
7.0,10.0,,8.5,,,,0
8.5,0.0,,4.25,,,,0
8.5,8.0,,8.25,,,,0
3.5,3.0,,3.25,,,,0
6.5,7.5,,7.0,,,,0
2.5,6.0,,4.25,,,,0
4.0,0.0,,2.0,,,,0
5.0,9.0,,7.0,,,,1
6.0,7.0,,6.5,,,,0
4.0,7.5,,5.75,,,,0
2.0,5.0,,3.5,,,,0
3.5,5.5,,4.5,,,,0
9.0,6.5,,7.75,,,,1
3.0,8.5,,5.75,,,,0
4.5,5.5,,5.0,,,,0
3.0,9.0,,6.0,,,,0
8.0,9.0,,8.5,,,,0
9.0,9.5,,9.25,,,,0
3.5,7.0,,5.25,,,,1
5.0,9.5,,7.25,,,,0
5.0,3.5,,4.25,,,,0
3.0,7.5,,5.25,,,,1
8.0,6.5,,7.25,,,,1
4.0,6.5,,5.25,,,,0
4.5,9.5,,7.0,,,,0
3.0,2.5,,2.75,,,,1
8.0,7.0,,7.5,,,,0
6.5,9.0,,7.75,,,,0
4.5,6.5,,5.5,,,,0
8.5,10.0,,9.25,,,,0
5.0,8.5,,6.75,,,,1
4.0,6.0,,5.0,,,,0
3.0,4.5,,3.75,,,,1
3.0,6.0,,4.5,,,,1
3.0,7.5,,5.25,,,,0
9.0,10.0,,9.5,,,,0
4.0,5.5,,4.75,,,,1
5.0,5.5,,5.25,,,,0
0.0,7.0,,3.5,,,,0
9.0,8.5,,8.75,,,,0
5.0,5.0,,5.0,,,,1
4.0,5.0,,4.5,,,,1
10.0,8.5,,9.25,,,,0
7.0,8.0,,7.5,,,,0
10.0,10.0,,10.0,,,,0
8.0,10.0,,9.0,,,,0
8.0,9.5,,8.75,,,,0
7.0,4.5,,5.75,,,,1
4.0,9.5,,6.75,,,,1
8.0,0.0,,4.0,,,,1
7.0,4.0,,5.5,,,,0
4.0,8.5,,6.25,,,,1
8.0,10.0,,9.0,,,,1
4.0,3.5,,3.75,,,,1
5.0,6.0,,5.5,,,,0
6.0,6.0,,6.0,,,,0
7.0,9.0,,8.0,,,,0
6.0,1.0,,3.5,,,,1
9.0,7.0,,8.0,,,,0
8.0,10.0,,9.0,,,,0
6.5,5.0,8.0,6.5,,,,0
6.0,5.5,7.5,6.333333333333333,,,,0
0.0,0.0,0.0,0.0,,,,0
5.0,4.5,7.5,5.666666666666667,,,,0
0.0,5.0,9.0,4.666666666666667,,,,0
3.0,6.5,0.0,3.1666666666666665,,,,1
5.0,4.5,4.5,4.666666666666667,,,,1
0.0,3.5,,1.75,,,,1
4.0,6.0,9.5,6.5,,,,0
10.0,9.0,10.0,9.666666666666666,,,,0
5.5,6.5,7.0,6.333333333333333,,,,0
1.0,6.0,4.0,3.6666666666666665,,,,0
0.0,6.5,8.0,4.833333333333333,,,,0
5.5,6.0,7.0,6.166666666666667,,,,0
6.0,4.5,8.0,6.166666666666667,,,,0
0.0,4.0,10.0,4.666666666666667,,,,0
2.0,5.0,1.0,2.6666666666666665,,,,0
3.0,4.0,2.5,3.1666666666666665,,,,0
4.0,3.5,,3.75,,,,1
8.0,7.0,9.5,8.166666666666666,,,,0
2.0,5.5,2.0,3.1666666666666665,,,,1
6.5,4.5,5.5,5.5,,,,0
5.0,7.5,6.5,6.333333333333333,,,,0
4.0,3.5,3.0,3.5,,,,1
10.0,4.0,,7.0,,,,0
8.5,7.0,10.0,8.5,,,,0
9.0,5.5,8.5,7.666666666666667,,,,0
6.5,4.5,9.0,6.666666666666667,,,,0
8.0,6.5,10.0,8.166666666666666,,,,0
4.0,,,4.0,,,,1
2.0,5.0,2.5,3.1666666666666665,,,,1
10.0,9.0,10.0,9.666666666666666,,,,0
4.5,4.0,6.5,5.0,,,,0
7.0,5.5,8.5,7.0,,,,0
6.5,5.5,9.0,7.0,,,,0
7.5,3.5,1.0,4.0,,,,0
2.0,0.0,4.0,2.0,,,,1
4.0,6.0,3.5,4.5,,,,0
8.5,7.5,10.0,8.666666666666666,,,,0
10.0,9.5,10.0,9.833333333333334,,,,0
8.5,3.5,10.0,7.333333333333333,,,,1
8.5,4.5,7.0,6.666666666666667,,,,0
8.0,8.5,10.0,8.833333333333334,,,,0
4.0,4.0,7.0,5.0,,,,0
4.5,4.5,0.0,3.0,,,,1
4.0,6.0,7.5,5.833333333333333,,,,1
2.0,5.5,,3.75,,,,0
0.0,6.0,0.0,2.0,,,,0
0.0,7.0,7.0,4.666666666666667,,,,0
4.0,3.5,8.5,5.333333333333333,,,,0
6.0,7.0,2.5,5.166666666666667,,,,0
9.0,7.0,,8.0,,,,0
6.0,4.5,7.5,6.0,,,,0
6.0,6.0,8.0,6.666666666666667,,,,0
3.0,6.0,8.0,5.666666666666667,,,,0
6.0,6.0,8.5,6.833333333333333,,,,0
3.5,7.5,8.0,6.333333333333333,,,,0
6.0,8.0,9.0,7.666666666666667,,,,0
8.5,8.0,9.5,8.666666666666666,,,,0
6.0,7.5,8.5,7.333333333333333,,,,0
3.0,2.0,2.0,2.333333333333333,,,,0
1.0,3.5,6.0,3.5,,,,0
0.0,0.0,0.0,0.0,,,,0
5.0,5.5,5.0,5.166666666666667,,,,1
2.5,4.0,2.5,3.0,,,,1
1.0,2.5,6.0,3.1666666666666665,,,,0
6.0,5.5,5.0,5.5,,,,1
5.0,4.0,6.0,5.0,,,,0
3.5,3.5,4.0,3.6666666666666665,,,,0
1.5,5.0,5.3,3.9333333333333336,,,,0
7.0,6.5,7.0,6.833333333333333,,,,0
1.5,7.0,0.0,2.833333333333333,,,,0
5.0,4.0,4.0,4.333333333333333,,,,1
4.5,8.0,5.0,5.833333333333333,,,,1
2.5,3.5,5.5,3.8333333333333335,,,,0
7.0,7.0,10.0,8.0,,,,1
4.0,4.0,6.0,4.666666666666667,,,,0
2.5,4.5,4.0,3.6666666666666665,,,,1
8.0,5.0,9.5,7.5,,,,0
5.0,3.5,9.0,5.833333333333333,,,,0
6.0,3.5,5.5,5.0,,,,0
1.0,3.5,3.0,2.5,,,,0
4.5,7.0,9.5,7.0,,,,1
5.0,4.0,4.0,4.333333333333333,,,,1
1.5,4.5,5.5,3.8333333333333335,,,,0
6.5,4.0,5.0,5.166666666666667,,,,0
3.0,2.5,7.0,4.166666666666667,,,,0
2.0,5.0,1.5,2.833333333333333,,,,1
2.0,5.0,6.0,4.333333333333333,,,,0
7.0,5.5,5.5,6.0,,,,0
9.0,4.5,7.0,6.833333333333333,,,,0
10.0,9.0,10.0,9.666666666666666,,,,0
9.0,5.0,6.0,6.666666666666667,,,,0
10.0,8.0,10.0,9.333333333333334,,,,0
0.0,6.0,0.0,2.0,,,,1
10.0,4.5,4.0,6.166666666666667,,,,1
8.0,7.0,5.0,6.666666666666667,,,,0
10.0,9.0,6.0,8.333333333333334,,,,0
8.0,6.0,7.0,7.0,,,,1
,5.0,0.0,2.5,,,,0
0.0,0.0,5.0,1.6666666666666667,,,,0
9.0,5.5,6.0,6.833333333333333,,,,0
10.0,8.5,10.0,9.5,,,,0
2.0,1.5,0.0,1.1666666666666667,,,,0
5.5,2.0,2.0,3.1666666666666665,,,,1
7.5,7.5,8.5,7.833333333333333,,,,0
4.0,4.0,4.0,4.0,,,,0
7.5,5.5,4.5,5.833333333333333,,,,0
10.0,3.5,7.5,7.0,,,,1
8.5,7.0,7.5,7.666666666666667,,,,1
6.5,4.5,4.0,5.0,,,,0
10.0,6.0,10.0,8.666666666666666,,,,1
8.0,7.0,8.0,7.666666666666667,,,,0
10.0,6.0,6.5,7.5,,,,0
8.0,7.0,10.0,8.333333333333334,,,,0
6.0,8.0,9.0,7.666666666666667,,,,0
7.5,6.0,8.0,7.166666666666667,,,,0
6.0,4.0,5.0,5.0,,,,0
9.0,5.0,6.0,6.666666666666667,,,,0
5.0,4.5,6.5,5.333333333333333,,,,0
3.0,4.5,1.0,2.833333333333333,,,,1
5.0,5.0,7.0,5.666666666666667,,,,0
6.0,7.0,7.5,6.833333333333333,,,,0
5.0,4.5,3.0,4.166666666666667,,,,1
5.0,6.0,5.0,5.333333333333333,,,,0
3.0,5.5,6.0,4.833333333333333,,,,0
8.0,5.0,6.0,6.333333333333333,,,,0
7.0,7.5,7.0,7.166666666666667,,,,0
3.0,3.5,6.5,4.333333333333333,,,,1
9.0,7.5,7.5,8.0,,,,0
3.0,6.5,2.5,4.0,,,,1
9.0,3.0,6.0,6.0,,,,0
7.0,5.0,2.5,4.833333333333333,,,,0
5.0,4.5,3.0,4.166666666666667,,,,0
7.0,8.0,8.5,7.833333333333333,,,,0
4.0,3.0,2.0,3.0,,,,1
9.0,5.0,8.0,7.333333333333333,,,,0
10.0,5.5,6.0,7.166666666666667,,,,0
8.0,5.5,7.5,7.0,,,,0
7.0,4.0,2.5,4.5,,,,0
6.0,3.5,3.5,4.333333333333333,,,,0
7.0,3.5,2.0,4.166666666666667,,,,0
5.5,2.5,3.0,3.6666666666666665,,,,0
2.0,2.0,4.0,2.6666666666666665,,,,1
9.0,7.0,8.5,8.166666666666666,,,,0
5.0,3.0,7.0,5.0,,,,0
4.5,5.0,3.0,4.166666666666667,,,,0
2.5,3.5,9.0,5.0,,,,0
1.0,3.5,5.0,3.1666666666666665,,,,1
6.0,5.0,6.0,5.666666666666667,,,,0
6.0,3.5,7.5,5.666666666666667,,,,1
1.0,3.0,3.0,2.333333333333333,,,,1
5.5,4.5,4.0,4.666666666666667,,,,0
1.5,3.5,3.0,2.6666666666666665,,,,0
6.0,4.0,,5.0,,,,1
3.0,4.5,4.0,3.8333333333333335,,,,0
5.5,5.5,6.5,5.833333333333333,,,,1
8.0,6.5,10.0,8.166666666666666,,,,0
8.5,4.5,4.5,5.833333333333333,,,,0
9.0,5.5,6.0,6.833333333333333,,,,0
5.0,3.0,6.0,4.666666666666667,,,,0
7.5,3.5,2.0,4.333333333333333,,,,0
8.5,3.5,5.0,5.666666666666667,,,,1
8.0,6.0,8.0,7.333333333333333,,,,1
6.5,4.0,4.0,4.833333333333333,,,,0
9.5,6.0,4.5,6.666666666666667,,,,1
9.0,4.5,1.0,4.833333333333333,,,,0
9.0,5.5,7.0,7.166666666666667,,,,1
5.5,3.0,4.0,4.166666666666667,,,,1
0.0,6.0,6.5,4.166666666666667,,,,0
4.0,6.0,0.0,3.333333333333333,,,,0
1.0,4.5,5.0,3.5,,,,0
9.0,4.5,5.0,6.166666666666667,,,,1
5.0,3.0,5.0,4.333333333333333,,,,1
5.0,3.0,6.0,4.666666666666667,,,,0
2.0,5.0,4.0,3.6666666666666665,,,,1
3.0,6.0,3.0,4.0,,,,0
1.0,4.5,6.0,3.8333333333333335,,,,0
10.0,8.0,7.5,8.5,,,,0
1.0,5.5,4.0,3.5,,,,1
3.0,4.0,5.0,4.0,,,,1
1.0,4.5,4.0,3.1666666666666665,,,,0
1.0,2.5,7.0,3.5,,,,1
2.0,5.0,5.0,4.0,,,,0
6.0,5.0,2.0,4.333333333333333,,,,0
3.0,,5.0,4.0,,,,1
5.5,4.0,1.5,3.6666666666666665,,,,0
1.0,2.0,2.0,1.6666666666666667,,,,1
6.5,4.5,4.5,5.166666666666667,,,,0
9.0,6.0,4.5,6.5,,,,0
8.0,4.0,8.5,6.833333333333333,,,,0
5.0,3.5,4.0,4.166666666666667,,,,0
8.0,4.5,10.0,7.5,,,,0
9.0,0.0,0.0,3.0,,,,0
3.0,4.5,6.0,4.5,,,,0
8.5,7.5,8.0,8.0,,,,0
7.5,8.0,10.0,8.5,,,,0
3.5,2.5,6.0,4.0,,,,1
8.5,8.0,7.0,7.833333333333333,,,,0
5.5,3.5,7.0,5.333333333333333,,,,0
3.5,,4.5,4.0,,,,0
3.0,6.5,4.0,4.5,,,,0
8.0,4.5,8.0,6.833333333333333,,,,1
5.5,5.5,5.5,5.5,,,,0
4.5,5.5,4.0,4.666666666666667,,,,0
5.0,3.5,5.0,4.5,,,,0
3.0,3.5,5.0,3.8333333333333335,,,,0
6.0,5.5,6.5,6.0,,,,0
6.0,,8.0,7.0,,,,0
9.0,7.0,10.0,8.666666666666666,,,,0
3.5,2.5,1.5,2.5,,,,0
2.0,6.0,10.0,6.0,,,,1
5.0,5.5,6.0,5.5,,,,1
10.0,9.0,9.0,9.333333333333334,,,,0
8.0,7.0,9.5,8.166666666666666,,,,0
7.0,8.0,9.5,8.166666666666666,,,,0
8.0,0.0,6.0,4.666666666666667,,,,1
7.0,7.0,7.0,7.0,,,,0
6.0,8.5,10.0,8.166666666666666,,,,0
8.0,8.5,9.0,8.5,,,,1
5.0,7.5,10.0,7.5,,,,0
5.0,9.0,7.5,7.166666666666667,,,,1
8.5,8.5,10.0,9.0,,,,1
6.0,6.5,5.0,5.833333333333333,,,,0
6.5,7.5,9.0,7.666666666666667,,,,0
5.0,4.5,7.5,5.666666666666667,,,,1
5.0,8.0,7.5,6.833333333333333,,,,0
0.0,2.0,1.0,1.0,,,,1
2.0,5.5,2.0,3.1666666666666665,,,,0
0.5,,,0.5,,,,1
2.0,5.5,7.5,5.0,,,,0
5.0,7.5,8.5,7.0,,,,1
1.0,3.5,2.0,2.1666666666666665,,,,1
7.0,3.0,6.5,5.5,,,,1
3.0,8.0,8.5,6.5,,,,1
5.0,9.5,10.0,8.166666666666666,,,,1
1.0,7.0,8.0,5.333333333333333,,,,0
7.5,7.5,9.5,8.166666666666666,,,,1
0.0,5.0,8.0,4.333333333333333,,,,0
5.0,7.5,10.0,7.5,,,,0
2.0,3.0,1.5,2.1666666666666665,,,,1
6.5,9.0,9.5,8.333333333333334,,,,1
5.0,6.0,6.0,5.666666666666667,,,,1
7.5,6.5,8.5,7.5,,,,1
4.0,6.5,10.0,6.833333333333333,,,,1
0.0,6.0,9.0,5.0,,,,1
7.0,6.0,9.0,7.333333333333333,,,,1
9.0,8.0,10.0,9.0,,,,0
0.0,7.5,8.5,5.333333333333333,,,,1
9.5,8.0,9.0,8.833333333333334,,,,0
6.5,7.0,0.0,4.5,,,,1
7.5,4.5,8.0,6.666666666666667,,,,1
7.5,7.0,9.0,7.833333333333333,,,,0
4.0,4.5,8.0,5.5,,,,0
4.0,7.0,2.0,4.333333333333333,,,,1
1.5,4.0,8.0,4.5,,,,0
1.0,8.0,6.0,5.0,,,,1
4.0,10.0,6.0,6.666666666666667,,,,1
2.0,3.0,4.0,3.0,,,,1
1.0,8.0,8.5,5.833333333333333,,,,0
6.0,8.0,0.0,4.666666666666667,,,,1
5.0,9.5,8.0,7.5,,,,0
6.0,0.0,0.0,2.0,,,,0
6.0,6.0,10.0,7.333333333333333,,,,0
1.0,7.0,5.0,4.333333333333333,,,,1
7.5,5.5,8.0,7.0,,,,0
2.5,5.5,5.0,4.333333333333333,,,,0
1.0,4.5,7.0,4.166666666666667,,,,1
7.5,6.0,8.0,7.166666666666667,,,,1
5.0,7.5,6.0,6.166666666666667,,,,1
4.0,6.5,5.0,5.166666666666667,,,,0
10.0,7.5,10.0,9.166666666666666,,,,0
7.0,4.5,7.5,6.333333333333333,,,,1
7.0,2.0,4.5,4.5,,,,1
8.0,6.5,10.0,8.166666666666666,,,,1
8.0,8.5,6.0,7.5,,,,1
3.5,7.0,4.0,4.833333333333333,,,,1
6.0,5.5,5.0,5.5,,,,1
1.0,8.0,5.5,4.833333333333333,,,,1
5.5,9.0,6.0,6.833333333333333,,,,0
5.0,3.0,4.0,4.0,,,,1
5.0,6.0,5.5,5.5,,,,1
3.5,5.5,8.0,5.666666666666667,,,,1
3.5,4.0,2.5,3.333333333333333,,,,0
9.0,10.0,7.5,8.833333333333334,,,,0
2.0,5.0,4.0,3.6666666666666665,,,,0
7.5,0.0,,3.75,,,,1
3.5,4.5,,4.0,,,,0
2.0,6.0,2.0,3.333333333333333,,,,0
3.0,6.0,3.0,4.0,,,,1
3.5,7.0,4.0,4.833333333333333,,,,0
8.0,6.0,8.0,7.333333333333333,,,,0
3.0,4.0,8.0,5.0,,,,0
6.5,6.5,7.5,6.833333333333333,,,,1
4.5,7.0,3.5,5.0,,,,0
10.0,9.0,8.0,9.0,,,,0
9.5,6.5,7.5,7.833333333333333,,,,0
3.0,3.5,6.0,4.166666666666667,,,,0
3.0,2.0,,2.5,,,,1
4.0,7.5,5.5,5.666666666666667,,,,0
4.0,5.5,7.0,5.5,,,,0
8.0,7.5,8.5,8.0,,,,0
5.0,5.0,7.0,5.666666666666667,,,,1
9.5,8.5,10.0,9.333333333333334,,,,0
6.5,8.0,10.0,8.166666666666666,,,,0
3.0,4.5,4.5,4.0,,,,0
5.0,7.0,7.0,6.333333333333333,,,,1
10.0,7.5,9.5,9.0,,,,0
8.5,8.0,9.5,8.666666666666666,,,,1
3.0,4.5,3.0,3.5,,,,1
3.0,6.5,4.0,4.5,,,,1
4.0,7.5,5.0,5.5,,,,1
8.0,8.0,10.0,8.666666666666666,,,,0
3.0,3.0,8.5,4.833333333333333,,,,1
5.0,6.0,9.0,6.666666666666667,,,,0
6.0,6.5,8.0,6.833333333333333,,,,1
9.0,6.5,4.0,6.5,,,,1
1.0,4.0,4.0,3.0,,,,1
6.5,8.0,9.5,8.0,,,,1
0.0,6.0,8.0,4.666666666666667,,,,0
3.0,2.0,6.0,3.6666666666666665,,,,1
3.0,0.0,4.0,2.333333333333333,,,,0
5.0,0.0,5.0,3.333333333333333,,,,1
10.0,6.5,7.5,8.0,,,,1
2.0,0.0,6.5,2.833333333333333,,,,1
5.0,9.5,8.0,7.5,,,,1
6.5,2.0,5.0,4.5,,,,1
9.0,7.0,7.5,7.833333333333333,,,,1
9.0,9.0,9.5,9.166666666666666,,,,0
2.5,2.5,7.5,4.166666666666667,,,,0
0.0,5.0,5.0,3.333333333333333,,,,1
9.0,8.5,8.0,8.5,,,,0
0.0,7.5,5.5,4.333333333333333,,,,0
7.5,9.0,10.0,8.833333333333334,,,,1
5.5,6.5,9.0,7.0,,,,0
0.0,1.0,9.5,3.5,,,,1
10.0,7.0,8.5,8.5,,,,0
7.0,7.5,10.0,8.166666666666666,,,,0
10.0,3.5,10.0,7.833333333333333,,,,0
6.5,4.5,1.5,4.166666666666667,,,,1
5.0,2.0,10.0,5.666666666666667,,,,0
7.5,7.5,,7.5,,,,0
5.0,3.0,7.0,5.0,,,,0
4.0,7.5,10.0,7.166666666666667,,,,1
8.0,3.5,9.0,6.833333333333333,,,,0
6.0,7.0,8.5,7.166666666666667,,,,0
1.0,1.0,9.5,3.8333333333333335,,,,0
7.0,6.0,,6.5,,,,1
8.0,7.0,10.0,8.333333333333334,,,,0
5.0,2.0,10.0,5.666666666666667,,,,1
5.0,5.0,9.5,6.5,,,,1
9.0,8.0,9.5,8.833333333333334,,,,0
9.5,2.0,10.0,7.166666666666667,,,,0
8.5,7.0,9.5,8.333333333333334,,,,1
10.0,5.5,10.0,8.5,,,,1
6.5,4.5,10.0,7.0,,,,0
9.0,6.5,8.0,7.833333333333333,,,,0
8.0,7.0,9.0,8.0,,,,0
7.0,8.0,10.0,8.333333333333334,,,,0
9.5,7.0,10.0,8.833333333333334,,,,0
8.5,6.0,8.0,7.5,,,,1
10.0,8.0,9.5,9.166666666666666,,,,0
9.5,5.5,7.0,7.333333333333333,,,,0
9.0,9.0,10.0,9.333333333333334,,,,1
10.0,7.0,10.0,9.0,,,,1
9.0,8.0,8.0,8.333333333333334,,,,1
0.0,6.5,5.0,3.8333333333333335,,,,1
0.0,7.5,0.0,2.5,,,,1
0.0,4.5,9.5,4.666666666666667,,,,1
9.5,5.0,10.0,8.166666666666666,,,,0
7.5,0.0,0.0,2.5,,,,1
,0.0,0.0,0.0,,,,1
8.5,3.5,3.0,5.0,,,,0
6.0,7.5,4.0,5.833333333333333,,,,0
6.0,7.0,10.0,7.666666666666667,,,,1
6.0,2.5,10.0,6.166666666666667,,,,1
4.0,5.0,6.0,5.0,,,,1
6.0,4.0,8.0,6.0,,,,1
2.0,8.5,10.0,6.833333333333333,,,,1
6.0,7.0,10.0,7.666666666666667,,,,1
7.5,5.0,5.0,5.833333333333333,,,,1
4.0,2.0,9.5,5.166666666666667,,,,1
2.0,2.5,9.0,4.5,,,,1
5.0,6.5,7.0,6.166666666666667,,,,1
7.0,6.0,8.0,7.0,,,,1
0.0,1.0,8.0,3.0,,,,1
10.0,9.0,9.5,9.5,,,,0
0.0,2.0,4.0,2.0,,,,1
7.0,7.0,9.0,7.666666666666667,,,,1
7.0,6.0,7.0,6.666666666666667,,,,1
0.0,7.5,8.0,5.166666666666667,,,,1
2.0,6.0,6.0,4.666666666666667,,,,1
9.0,9.0,10.0,9.333333333333334,,,,0
4.0,5.0,8.5,5.833333333333333,,,,0
3.0,5.5,8.5,5.666666666666667,,,,1
5.0,7.0,0.0,4.0,,,,0
5.0,5.5,9.0,6.5,,,,1
6.0,2.0,9.0,5.666666666666667,,,,1
10.0,7.5,8.0,8.5,,,,0
8.0,7.0,10.0,8.333333333333334,,,,0
5.5,6.5,6.5,6.166666666666667,,,,1
5.0,7.5,9.5,7.333333333333333,,,,1
8.5,7.0,8.5,8.0,,,,0
5.0,0.0,4.5,3.1666666666666665,,,,1
7.5,5.5,7.0,6.666666666666667,,,,0
4.5,1.5,10.0,5.333333333333333,,,,1
0.5,6.0,,3.25,,,,1
2.5,1.5,8.0,4.0,,,,0
3.5,1.5,3.5,2.833333333333333,,,,1
5.0,7.0,7.0,6.333333333333333,,,,1
5.5,7.0,7.0,6.5,,,,0
4.0,4.5,,4.25,,,,0
8.0,7.5,9.0,8.166666666666666,,,,0
4.0,2.5,7.0,4.5,,,,1
10.0,9.0,10.0,9.666666666666666,,,,0
5.5,7.0,3.0,5.166666666666667,,,,1
6.0,6.0,9.5,7.166666666666667,,,,0
8.0,5.0,5.5,6.166666666666667,,,,1
0.0,4.5,0.0,1.5,,,,1
9.0,9.0,10.0,9.333333333333334,,,,0
9.0,4.5,9.5,7.666666666666667,,,,1
10.0,8.0,10.0,9.333333333333334,,,,0
7.5,7.5,10.0,8.333333333333334,,,,1
10.0,8.0,10.0,9.333333333333334,,,,0
9.0,8.0,10.0,9.0,,,,1
10.0,9.0,10.0,9.666666666666666,,,,1
7.0,8.0,10.0,8.333333333333334,,,,0
9.0,7.5,8.0,8.166666666666666,,,,1
5.5,2.5,10.0,6.0,,,,0
7.0,3.5,6.5,5.666666666666667,,,,0
6.5,5.5,9.5,7.166666666666667,,,,1
3.0,7.0,8.5,6.166666666666667,,,,1
8.0,5.5,9.0,7.5,,,,1
3.0,2.0,8.0,4.333333333333333,,,,0
5.5,6.5,10.0,7.333333333333333,,,,0
6.0,7.5,10.0,7.833333333333333,,,,1
3.0,5.0,9.5,5.833333333333333,,,,0
9.5,6.0,8.5,8.0,,,,0
8.75,3.0,10.0,7.25,,,,1
9.0,4.0,9.0,7.333333333333333,,,,1
8.0,6.5,10.0,8.166666666666666,,,,1
8.5,9.0,9.5,9.0,,,,0
7.0,7.0,10.0,8.0,,,,0
9.0,6.5,7.0,7.5,,,,0
9.0,9.0,4.0,7.333333333333333,,,,0
7.0,8.0,10.0,8.333333333333334,,,,1
9.0,7.0,7.0,7.666666666666667,,,,1
5.0,6.5,10.0,7.166666666666667,,,,1
9.0,6.0,5.0,6.666666666666667,,,,0
5.0,6.5,5.0,5.5,,,,0
9.5,6.5,9.5,8.5,,,,1
5.0,6.0,10.0,7.0,,,,0
3.5,6.0,6.5,5.333333333333333,,,,0
8.0,6.0,10.0,8.0,,,,0
8.0,5.0,9.5,7.5,,,,0
7.5,7.0,9.5,8.0,,,,0
8.0,6.0,9.0,7.666666666666667,,,,0
6.0,6.5,6.0,6.166666666666667,,,,0
8.0,6.5,7.5,7.333333333333333,,,,0
6.5,6.0,10.0,7.5,,,,0
10.0,7.5,10.0,9.166666666666666,,,,0
8.0,6.5,10.0,8.166666666666666,,,,0
6.5,6.0,10.0,7.5,,,,0
0.0,0.0,0.0,0.0,,,,0
7.7,8.3,8.2,8.066666666666666,,,,0
8.1,8.6,7.9,8.200000000000001,,,,0
0.0,0.0,0.0,0.0,,,,0
7.3,7.8,6.1,7.066666666666666,,,,0
0.0,0.0,0.0,0.0,,,,0
6.0,6.2,6.0,6.066666666666666,,,,0
6.75,7.2,8.5,7.483333333333333,,,,0
6.05,7.5,8.55,7.366666666666667,,,,0
6.15,7.2,7.1,6.816666666666667,,,,0
8.05,8.05,6.85,7.650000000000001,,,,0
6.8,8.85,6.0,7.216666666666666,,,,0
0.0,0.0,0.0,0.0,,,,0
8.4,7.6,8.1,8.033333333333333,,,,0
0.0,0.0,0.0,0.0,,,,0
0.0,0.0,0.0,0.0,,,,0
0.0,0.0,0.0,0.0,,,,0
9.2,8.9,8.6,8.9,,,,0
6.5,8.15,6.05,6.9,,,,0
6.7,7.7,6.4,6.933333333333334,,,,0
6.0,6.5,6.0,6.166666666666667,,,,0
6.35,6.3,3.8,5.483333333333333,,,,0
0.0,0.0,7.9,2.6333333333333333,,,,0
8.2,7.8,8.8,8.266666666666667,,,,0
6.0,6.9,6.3,6.4,,,,0
,,,,,,,0
,,,,,,,0
,,,,,,,0
,,,,,,,0
,,,,,,,0
,,,,,,,0
,,,,,,,0
,,,,,,,0
,,,,,,,0
,,,,,,,0
,,,,,,,0
,,,,,,,0
,,,,,,,0
,,,,,,,0
,,,,,,,0
,,,,,,,0
,,,,,,,0
,,,,,,,0
,,,,,,,0
,,,,,,,0
,,,,,,,0
,,,,,,,0
,,,,,,,0
,,,,,,,0
,,,,,,,0
,,,,,,,0
,,,,,,,0
,,,,,,,0
,,,,,,,0
,,,,,,,0
,,,,,,,0
,,,,,,,0
,,,,,,,0
,,,,,,,0
,,,,,,,0
,,,,,,,0
,,,,,,,0
,,,,,,,0
,,,,,,,0
,,,,,,,0
,,,,,,,0
,,,,,,,0
,,,,,,,0
,,,,,,,0
,,,,,,,0
,,,,,,,0
,,,,,,,0
,,,,,,,0
,,,,,,,0
,,,,,,,0
,,,,,,,0
7.0,7.0,10.0,8.0,,,,0
,,,,,,,0
,,,,,,,0
,,,,,,,0
,,,,,,,0
,,,,,,,0
,,,,,,,0
,,,,,,,0
,,,,,,,0
,,,,,,,0
,,,,,,,0
,,,,,,,0
,,,,,,,0
,,,,,,,0
,,,,,,,0
,,,,,,,0
,,,,,,,0
,,,,,,,0
,,,,,,,0
,,,,,,,0
,,,,,,,0
,,,,,,,0
,,,,,,,0
,,,,,,,0
,,,,,,,0
,,,,,,,0
,,,,,,,0
,,,,,,,0
,,,,,,,0
,,,,,,,0
,,,,,,,0
,,,,,,,0
,,,,,,,0
,,,,,,,0
,,,,,,,0
,,,,,,,0
,,,,,,,0
,,,,,,,0
,,,,,,,0
,,,,,,,0
,,,,,,,0
,,,,,,,0
,,,,,,,0
,,,,,,,0
,,,,,,,0
,,,,,,,0
,,,,,,,0
,,,,,,,0
,,,,,,,0
,,,,,,,0
,,,,,,,0
